{"1": 271.14971673338414, "2": 215.9787451213508, "3": 206.38744351417517, "6": 152.69838413353455, "8": 182.59106538507422, "11": -219.72900055298538, "14": 248.2495706483569}