{"2": 165.7617309811002, "3": -148.69914881369408, "4": 154.00601881230534}