{"1": 286.20386755745415, "4": 304.4133324857751}