{"1": 271.1315818231491, "3": 230.1117759978457}