{"6": 204.7119014489166, "7": 197.14054447217632, "9": 157.98542072679322}