{"4": 172.93533821288918, "5": -366.2828812567179}