{"4": 284.2630866065733, "6": 183.45269174043437, "7": -149.62408988652464, "9": 240.0266029616588}