{"1": 205.11293001228364, "5": 231.0905416469617}