{"3": 255.76978144077452, "4": 154.28593113209786, "5": 203.68543694218192, "10": 312.79393729108983, "15": 205.33768837400203}