{"1": 253.28379259004487, "2": 273.1005756836439, "3": 280.85103590029235, "4": 290.371773040245, "5": 245.77346296787982}