{"1": 290.6572332929094, "5": 435.46630627282275, "6": 220.39170027599278}