{"2": -177.6432308106165, "3": 197.50602574813433, "4": 221.31399904411478}