{"1": 262.6760326713239, "3": 190.5350586295208}