{"1": 291.82338036798683, "2": 268.2354922551732, "3": -347.61426721349767, "4": 231.21221055529895}