{"1": 269.1561749505968, "2": 239.2149424820749, "3": 243.64976395469887}