{"1": 185.9674104199256, "3": 287.00677216057534}