{"3": 256.18378815391384, "4": -205.16922050861643, "7": 277.0734527696286}