{"1": 238.41670820216666, "4": 200.40909945953325}