{"9": -187.4450701754555, "12": 186.436508814131, "13": 301.74417325019806}