{"5": 145.76299753697094, "6": 231.82807198303033, "9": 150.36763669532627, "15": 197.77093098868}