{"1": 506.5970326084148, "3": 537.4889479302275}