{"1": 247.17886834193087, "2": 177.63953992165636, "3": 215.64592694905946, "6": 260.81120090030606}