{"3": 207.7356680250174, "4": 275.19815995546867}