{"2": -166.5522120754842, "4": 145.55217070235676}