{"2": 157.12356940721565, "4": 183.74626961992203, "8": 317.363257691567}