{"5": -163.7543707430724, "8": 197.6256065695179, "9": -192.01982150233687}