{"1": 302.8046597050942, "5": 333.15282600659486}