{"5": 206.31722736233235, "7": 279.5495272411862}