{"2": 238.95382821011958, "3": 309.38831613671437}