{"1": 191.9584243099605, "2": 156.29678442914428, "3": 211.01649829346445}