{"2": 199.42512971425185, "4": 218.4717240723312}