{"1": 252.68064022925728, "2": -437.48766984285567, "3": 197.12230312563793}