{"1": 281.16987392615385, "7": 218.83572731897038, "9": -449.922211971804, "10": 172.0}