{"2": 188.76738981066012, "6": 174.3366638240932}