{"1": 277.0767536876231, "5": 202.2269840175328}