{"1": 336.59915836036066, "3": 262.02302376657053}