{"3": 210.02309876354366, "5": 288.15148083619044}