{"1": 323.99729522783366, "2": -345.1227331936926, "3": 149.81550251474073, "6": 332.1381300360082}