{"1": 234.40803799384673, "3": 209.95672208637723, "4": 192.9621276485817, "5": 301.92659595513373}