{"1": 174.9831654909094, "2": 244.8583971124441, "4": -285.80132342919137, "5": 235.7075561893081, "6": 255.3898454148332}