{"1": 243.39324841607151, "2": 337.00739502766976}