{"4": 240.9934665186804, "5": 209.03811286178325}