{"1": 329.8677737600292, "2": 180.43331710442646}