{"1": 531.3051452477675, "2": 393.20143988390265}