{"1": 262.95311258234403, "2": 251.49548831932884}