{"2": 174.0971033947094, "5": 301.9391306905254, "9": 173.56628132175558, "10": -269.98102673420334, "11": 308.87708372515647}