{"3": 158.65645068160939, "7": 257.97132130526927}