{"1": 312.49971072201083, "2": -285.3142368701847, "3": 202.2478809336883, "6": 382.7321826732168}