{"6": 242.10463308035696, "11": 339.6508842983926, "16": 211.7535291721722}