{"1": 262.6495949345863, "2": 292.61741890155554}