{"4": -260.4768652851967, "5": 148.29618159909364}