{"3": 469.6717792410692, "4": 355.56586509537226}