{"2": -233.96263921038775, "9": 189.2454179170652}