{"2": 203.5214990967496, "3": 323.14228694770156, "5": 299.72479947133934, "8": 275.56183408239076}