{"1": 259.6161148361074, "4": 230.61415401884415, "9": 259.4806476407683}