{"1": 332.61988531729276, "2": 261.04672023716125}