{"1": 318.04805131211936, "2": 277.15063483541826}