{"1": 272.69511947006845, "3": 248.58589486290998}