{"1": 327.73557963346207, "2": 229.5546557202124}