{"2": 234.96638185554696, "4": 334.0759492281594}