{"4": 292.446170713352, "8": 303.46907050080813}