{"2": 228.95104541569617, "3": 237.7635509274519}