{"1": 169.62066168018202, "2": -146.09615582670676, "3": 220.20400968891988}