{"2": 158.70455310289765, "4": 207.61159976521515}