{"2": 291.045061031959, "5": 184.61288379929977, "6": 283.43479031270886, "7": -280.76760233715714, "8": 196.6085127990334}