{"1": 211.29746120854418, "4": -253.07232799091219, "5": 238.99095527474435}