{"3": 556.5038217892118, "6": 347.6728541601293}