{"3": 155.11275799407292, "6": 286.41971051572114}