{"2": 260.8547923471259, "4": 344.82745684135796}