{"3": 199.80309341016914, "9": -255.8549561086059}