{"1": 314.3831148289437, "2": 240.63785974022642}