{"3": 273.81908429693, "4": 317.343262934794}