{"3": 229.79707323966306, "4": 216.86530482665012}