{"4": 280.45577440060924, "5": 159.5026977948496}