{"1": 277.89248621559875, "2": -176.5003269295177, "3": 282.7187168617129, "4": 214.86164963968292}