{"1": 165.11788246092112, "2": 257.28630478156765}