{"1": 209.98227900316954, "3": 223.89210335160737}