{"6": 154.7146641895671, "7": -163.22152120436897, "8": -252.43994976366918, "10": 294.3195909013847, "12": 301.0895922313724}