{"2": 310.4500825275288, "3": 188.63984655831416}