{"1": 297.08263028874853, "3": 153.0979901814145, "5": 181.5036666653881}