{"4": 221.728950323459, "5": 246.96088603725718, "6": 240.5221301009633}