{"2": 186.1852999804389, "6": 196.9747068020713}