{"1": 200.3036240309192, "2": 189.67006138863928}