{"4": 171.91106815431215, "5": 269.1649800616824, "8": 318.46219846968893, "10": 273.49470501318103, "12": 297.1157282324036}