{"1": 161.018126233457, "2": 177.67432577979855}