{"3": 164.96365410091676, "5": 265.9023913838537, "6": 221.66469931222423}