{"2": 269.58910300197, "3": 145.75110176118483}