{"2": 247.49182259935048, "3": 254.4012064741346}