{"1": 144.81184857457572, "2": 170.29105499791854}