{"3": 300.5392252956111, "4": 333.9025191746075}