{"1": -197.80209770229226, "2": 275.3271541633037}