{"1": 212.1494579581805, "3": 145.064333048859}