{"4": 173.3029980653805, "5": 157.13893797592323}