{"1": -238.20610154736232, "4": 298.6639899853584}