{"1": 258.96235726308817, "2": 231.636440477056, "3": 302.92726533237646, "4": 293.98337544348135, "5": 256.79721981834655, "7": 304.67798157601}