{"9": 164.1823729633345, "14": 163.83805696932814}