{"2": 294.54318535019434, "4": 148.01923427958542}