{"1": 334.84221169899854, "2": 195.7212514629722}