{"3": 145.37776824903005, "5": 190.53098842739553, "6": 152.22594738688986}