{"1": 322.53480736373626, "7": 250.83110077806964, "13": 261.7132095978311, "15": 339.13695362693454, "17": 277.9054984077686, "23": -184.71022497843785, "24": 228.20688646847805, "25": 297.1298630892544}