{"2": 328.83220689756445, "4": 299.1764587275293}