{"2": 175.16263295498482, "5": 221.38018885361043}