{"3": 292.34689094613043, "15": 263.99035921634277}