{"1": 162.44831494433356, "2": 176.32391017907287}