{"1": 360.9722211989439, "3": 222.5192097500459}