{"2": 161.8243376803308, "5": 231.56649527474633, "7": 280.9017995636913, "9": -554.9224746874548, "10": 218.79297741050232}