{"1": 173.23770673409604, "3": 265.97900588826815}