{"6": 317.61279456861496, "8": 319.95878994793065}