{"3": -249.24513836434787, "4": 497.30761637560533}