{"1": 298.2367414857357, "2": 165.6427273908546}