{"2": 300.73288469762065, "5": 289.91985827237863}