{"3": 258.1597324853619, "5": 189.28383202980274}