{"1": 433.9385659451874, "4": 283.5637249143857, "6": 224.37752055936335, "8": 261.33360470936475, "10": 315.9315708965462}