{"1": 282.819204089848, "2": 309.780846853787}