{"1": 219.18129532613386, "3": 277.3511728994158}