{"1": 271.284294744136, "3": 170.45923840749418, "6": 404.9337420287919}