{"2": 258.196525167122, "7": 314.7255934529717, "8": 155.77758247423162, "10": -540.9456408894628}