{"3": 181.88839133521105, "5": -226.61792352996747, "10": 298.22413946543327}