{"1": 145.81630576722273, "3": 159.11891140135856}