{"1": 268.61171459106515, "2": 251.05519351202884}