{"5": 148.38287822658185, "9": -221.740856848237}