{"1": 180.20443349723382, "3": 265.0441648922375, "5": 267.68672452604073}