{"3": -226.54448475463766, "5": 316.9377033113607}