{"3": 265.79937507457726, "4": 220.78041298153278, "5": 323.76891747543164}