{"2": 285.14485974735396, "3": 302.9194999720579}