{"1": 163.70317996610459, "4": 171.8613837069379, "11": 309.2242623892938, "12": 195.5365171242978, "13": 263.62486931419085, "15": 159.40415914699201, "22": -254.647203514436, "23": 355.8676447551421, "25": 160.1931260129436}