{"1": 275.3541802819482, "3": 320.32429094586723}