{"3": 249.41153813573715, "10": 321.51214894685756}