{"2": 246.43882963425972, "3": 226.2507363907646}