{"1": 210.44183546213662, "4": 237.9758984939972}