{"2": 171.83284493809123, "5": 207.7701534362477}