{"1": 583.4564471806997, "2": 585.6648702694163}