{"1": 337.1404033961792, "2": 217.12327819478116}