{"1": 300.09739421993606, "2": 272.3494038050985, "3": 293.1596366645706, "4": -205.30269268123112, "6": 296.0732078213026}