{"3": 299.98739847000036, "5": 289.7186890152692}