{"1": 250.2559400276133, "3": 187.55725293844216}