{"1": 155.305193339261, "2": 226.90253981404157, "3": 269.4874300078575}