{"2": 246.24670374980485, "3": -201.49385474239915, "4": 315.5333624913844}