{"1": -195.14999548657283, "2": 274.3030342785747, "4": 202.6649188350583}