{"1": -460.8769587209464, "3": 260.5200869611916, "4": 213.66684158596252}