{"7": 188.82300029940188, "8": 202.42436175085402, "9": 204.31617824195268, "19": -191.49505650865166, "21": 192.8194109691417, "24": -161.13938997508967, "31": 210.48255102905364, "33": 237.381874342159, "34": 238.01513897358825, "35": 217.18586372047935, "36": 216.10394571600943, "41": 288.54121567442894, "45": 245.72883551511768, "46": 223.72839633152387, "48": 210.4027214961459, "50": 156.92247484729182, "51": 247.2323503855523, "53": 250.2984367631417}