{"1": 192.7648746640657, "3": 169.19828089821243}