{"1": -200.8882750404444, "3": 173.65165358737363, "4": 280.4760660954147}