{"2": 197.00838588194256, "3": 256.6786411564167, "4": 188.89671716379382}