{"4": 192.67122661228825, "6": 293.9799213450884, "8": 309.2852087030177}