{"2": 199.9532566611523, "5": 186.39262086930796, "6": 228.73299986044776}