{"3": 277.3624090519826, "5": 253.84700357560484, "7": 184.88889786252207}