{"2": 166.7339600952556, "6": 211.90824804724866}