{"1": 239.31304526461736, "3": 172.8591017710154}