{"2": 169.91245257262779, "4": 302.2405181221802}