{"1": 257.674897704229, "5": 208.19014453887496, "7": 185.92170601928524}