{"1": 226.5752630225802, "4": 294.66314918235685, "6": 493.3790884744466}