{"1": -158.27721531816042, "4": 217.2477834081318}