{"2": 292.8199283252708, "3": 298.5079081612514}