{"1": 404.33340060854744, "3": 289.38950000265197}