{"2": 288.60900269885724, "4": 204.22018431965262, "5": -175.8196560058895, "8": 284.13060011884227}