{"1": 247.75899786872174, "2": 319.68980159590626}