{"2": 160.56605886821978, "6": 244.73331568445371, "16": 305.06387820995235}