{"2": 318.39142901831576, "5": 230.79359629451005}