{"1": 229.00323370072738, "2": -222.76916256972112, "3": 229.76177167246396}