{"2": 295.7749852693054, "3": 329.2509870623147}