{"1": 313.96272693754395, "2": 155.88294620874444}