{"3": 380.1929636010884, "4": 315.129201781798, "5": -247.2183009777131}