{"1": 153.95128275846253, "2": 282.6600474343495}