{"1": 317.79922727919507, "4": 210.72906667964662, "6": 246.53578971939805, "7": 227.2946523144176}