{"2": 187.0809211607817, "3": 305.4549842694911}