{"3": 197.93312363106656, "5": 242.45208856319005, "6": 263.80841420803495}