{"1": -236.74631348117873, "3": 188.23289063231744}