{"2": 297.8648279848676, "3": 209.4288378150095}