{"1": 242.79278288360467, "2": 264.26345377156474, "4": 325.86546786806616, "5": 239.74621972069713, "7": 259.65050985512676, "10": 478.5671250844265}