{"1": 170.26755484053763, "3": 257.82541884071486, "4": 197.52758396452043}