{"6": 149.1715271689817, "7": 268.09032879974416}