{"1": 288.57043817483157, "5": -339.20192003057696, "8": -180.2062101477951, "15": 265.62268657568075}