{"1": 205.73996039700853, "3": 246.25219780115037}