{"1": 413.726590548637, "2": -418.8294458129591}