{"4": 216.67050281728996, "6": 324.0842365993781, "7": 230.41897307638783, "8": -287.2515342983495, "9": 305.6335035043669}