{"1": 154.78602888451746, "3": 304.1710864726782}