{"2": 259.23584791350856, "4": 148.7661310459531}