{"1": 177.98259902596828, "5": 192.4631286402705, "9": 208.91976607984657, "13": 257.9768577256717, "15": 261.7397046518645, "17": 288.60927441172555}