{"1": 186.298829923658, "2": 307.8541916104713}