{"4": 299.2344206323578, "6": 232.52967124844417}