{"1": 236.81707670932337, "2": 285.3434290195245}