{"2": -184.0981237130448, "4": 304.02323558731666}