{"3": 451.0395341699365, "6": 311.8867564275828}