{"1": 190.0712020697922, "3": 310.75924287497196, "4": 290.2123620097627}