{"2": -153.22621330494258, "3": 317.12118096513416, "4": 286.72698834377513, "6": 281.9916418836556, "7": 292.67218836121504}