{"1": 251.59275206213044, "2": 172.96613117471804, "5": 183.51728309401244, "9": 256.1460927563671}