{"2": 329.8941256426983, "4": 248.23295946871997}