{"5": 296.92368210283803, "6": -180.60013665183442, "8": 284.2361747545431}