{"1": 158.82798227701232, "3": 311.94704275069364}