{"1": 297.62195822636374, "2": 544.7434080601888, "3": 542.8087137901041, "4": -298.3337712175148, "5": 262.37580982841996}