{"3": 155.04446757470453, "4": 162.2618429704446}