{"5": 189.35467021412967, "10": 369.63165425137095, "11": 331.3662897520978}