{"2": 487.9104011269851, "3": 301.7419526094337, "4": 473.06922226136635, "6": -518.2107035411799}