{"6": 396.11325878383144, "9": 192.23284008448923}