{"3": 366.49880234040234, "6": 368.0601043714054}