{"1": 307.0904574311536, "3": 326.5599179370379, "4": 262.6600614367046}