{"1": 293.0942964879898, "2": 227.35821170271618}