{"1": 554.8817278114049, "4": 252.35703703424065}