{"2": 294.22423953296425, "15": 212.06172884336854}