{"1": 296.0096746606421, "2": 302.25379248583}