{"1": 223.40605979442114, "4": 231.1145135648327}