{"1": 277.7268576391647, "5": 222.3033543931823}