{"1": 159.69652307473098, "2": 168.98570024732248, "5": -176.7986308073526}