{"2": 209.36681048904342, "5": 208.42566202281319, "7": 210.90698432556746}