{"4": 301.4345888270052, "11": 257.9396456834486, "12": 206.285055727059}