{"1": 303.6807467993642, "2": 285.36506150320065}