{"1": 310.08330656383, "2": 299.95174016635656}