{"3": 270.09440353182026, "4": 212.18077907744907}