{"2": 346.4749500916316, "5": 231.23185200413127, "6": -328.8588310594388, "7": 374.66321027974664, "9": 376.87840276967665, "11": 340.742969447042}