{"3": 348.30302510114143, "4": 352.2567068751349}