{"3": 238.0282962956171, "5": 287.768101238585, "7": 286.97662867968006}