{"1": 305.31268325759777, "2": 329.0415686635989}