{"1": 144.33369908394934, "2": 225.62705052587762, "4": 188.39345923217058, "6": 292.76243655241, "9": -179.96746974840448, "11": -168.1749822379776, "15": 344.09632778161915, "17": 259.7106418666883}