{"1": 196.92232026067438, "3": 262.5623603414971}