{"1": 263.4548208263261, "2": 228.50756000628974, "3": 236.14183850280756, "4": 162.0953399263708}