{"1": 222.39848473420693, "2": 302.1372233537244, "3": 295.19058552892307, "4": 165.97054352722898}