{"6": 315.2579252431582, "9": 277.2441406293565, "10": -326.00125001123433, "12": -150.97211571171187}