{"1": 159.68611206767832, "2": 185.55185218597353}