{"1": 287.83144095750583, "2": 233.88710184632214}