{"5": 196.16889270861702, "7": 251.4997761754007}