{"1": 337.8915644479731, "5": -245.06565323217768, "6": 331.2095980082661}