{"4": -165.54986649175623, "5": 266.88422380446013}