{"1": 182.1868423345286, "2": 292.53916295538284}