{"2": 279.5851769678071, "4": 303.9651153897828, "5": -302.4823326863669}