{"2": 165.90541843598191, "5": 288.616091297533}