{"4": -433.010988182445, "6": 218.8055152986567}