{"1": 207.4935737069477, "3": 145.88212269191035, "7": 175.28421212258013}