{"2": -238.04386341806253, "4": 231.29336610526946}