{"2": 304.1384351781875, "3": 390.737497632024}