{"1": 145.90255391232756, "6": 243.1214415611572}