{"1": 211.42665690851993, "2": 247.02662070032363}