{"1": 320.05954738760397, "3": 302.28643870981637, "4": 349.7427863370217}