{"1": 246.7214988178913, "2": 314.8198852019036, "7": 289.085696518262}