{"1": 298.18409342324276, "2": 210.38856109305527}