{"1": 287.2753271043447, "6": -374.1880538782832, "7": 376.6748429919335}