{"2": 232.15352728822745, "3": 232.01146061599695, "4": 325.61476684037564}