{"2": 156.66586975401754, "3": 210.0778241751168, "7": 230.65971183412}