{"1": -219.446529824016, "2": 192.6605801491387, "4": 177.26399787693322, "6": 255.72488907520858, "7": -221.99114994997058, "8": 199.36175809667395, "9": 224.9700189891737}