{"3": 216.5426197703182, "7": 488.8898004457618}