{"3": 193.67110141161913, "5": 469.5355895440259}