{"3": 314.55521666499214, "4": 255.20823835518365, "6": 161.46191203857336, "11": 285.8308434453404, "13": 274.1216364143455}