{"3": 306.79039866257733, "4": 221.42994080306892, "7": 208.23032620321294}