{"1": 297.58137115131706, "4": -248.51455317709582}