{"1": 407.1923163266092, "3": 234.09001756911084, "5": 313.4291672382459, "8": 285.35116373428434}