{"2": 337.94681351256395, "3": 362.6803726571321, "6": -293.9937030937206, "8": 296.60248975923116}