{"1": 373.8163354074703, "2": 219.95858838661297}