{"2": 282.09040581348495, "3": 325.7189303847349}