{"3": 279.99527814198416, "5": 171.63978834608247}