{"1": 254.02261723124866, "2": -153.91311550233672, "10": 300.4458755823189}