{"2": 363.8179618505642, "3": 297.78029729580385}