{"1": 297.4886776382142, "2": 285.51945266127814, "4": 202.21450915294292}