{"1": 302.40094044813395, "7": 211.38885870594663}