{"1": 257.3818392936457, "2": 272.5710118307436}