{"2": 165.0798000019695, "3": 293.5499394999524}