{"2": 274.22300177248405, "3": 273.0129834688265}