{"1": 319.5691031846469, "5": 270.7528009620944}