{"2": 202.20948737537356, "4": 194.1770464865931}