{"2": 215.32242881729542, "4": 204.2781305069882, "6": 277.8691133218049, "7": 174.13189049966945}