{"2": 255.37886566705913, "6": 288.75105279377647}