{"1": 239.16212276124884, "2": -265.3734466378, "4": 239.83913598764684}