{"2": 288.43893287835203, "10": 239.95420123379063}