{"1": 184.6034793154763, "7": 295.46818147995646, "8": 286.41909995815126, "9": 352.9246619117091}