{"1": 248.54965008798752, "3": 330.9598315894136}