{"3": -208.0869450143416, "4": 147.66385305080018}