{"2": -175.9607322589893, "13": -150.6110226652134}