{"1": 253.03421755362, "2": 241.0767964662317, "6": 247.06391673855012}