{"1": 227.65196004611164, "2": 340.543412907517}