{"1": 299.3304636751734, "2": 306.51428066959613}