{"2": 322.3432547330418, "3": 332.7845715252422}