{"3": 269.2211755922241, "4": 339.6334167586293}