{"9": 164.93302397671926, "11": 247.27481717420653, "15": -158.9440603382924, "16": 346.45922920149155, "18": 270.4572332092671}