{"2": 167.43448535822324, "4": 338.77901324646666}