{"1": 232.63428915711654, "2": 215.73743819397066}