{"3": 294.29822685594513, "4": 309.1692472464481}