{"1": 242.84417579877902, "2": 228.05211292326157}