{"5": 227.6723144527616, "7": 294.9197682910998, "8": 417.0593319344574, "9": 304.22619775371663}