{"2": -272.6604347371682, "3": 339.4442766057839}