{"1": 220.36732577651242, "2": 219.99585773732986}