{"2": 225.29624801270813, "3": 152.29240599557465, "5": 182.134081569032}