{"2": 270.3023273518744, "3": 190.91666212264943}