{"2": -167.21211175750244, "4": 144.7085298538243, "10": 232.39188971354838, "15": 215.24151627970514, "17": 228.04728966937626}