{"1": 175.35387031918538, "2": 178.54534554914449}