{"1": 232.66764903356, "2": 235.13281408895114, "3": 240.75483223764712, "6": 242.13365792202865}