{"1": 374.25716080109714, "2": 179.33959971819183}