{"2": 223.91182226585545, "4": 156.49156258922733}