{"2": 258.6861267797451, "3": 283.9220829051194, "4": 219.549197838954, "5": 180.31076727766413, "6": 266.96301171731966, "7": 277.38113516246165, "9": 297.02387490107117}