{"2": 218.0827185001549, "6": 168.84889085117118}