{"1": 243.57719455991787, "2": -294.0002133260625, "5": 169.1197030236939, "7": 175.4063945685865, "9": 157.40870912937373}