{"5": -208.64215739957234, "7": 144.53433214166353, "8": 156.4016837566994, "10": 300.05456250632835}