{"1": 340.428162011483, "2": 227.8487612532432}