{"1": -148.2108247244983, "2": 206.36390642414153}