{"2": 243.76281811886088, "5": 280.1898101384953, "6": 312.5058756562639}