{"3": 241.67580661469265, "4": 150.4209512108025}