{"1": 169.48663263039236, "2": 194.49173470548158}