{"4": 232.19879465655367, "6": 293.7788568897157}