{"2": 285.59787386389075, "8": 312.43316316353093}