{"1": 229.62572977080288, "2": -246.58076049059036, "3": 207.730115151502}