{"1": 181.16543958976644, "2": 266.4445295180449, "3": 241.33352916630236, "6": 342.1692980606887, "8": -290.0204448658932}