{"2": 181.60293485479633, "3": 179.5575184164112}