{"4": 233.35545223015515, "10": 177.67524332188202}