{"1": 216.90526129109185, "3": 272.2320295873699}