{"1": 304.9330420438939, "3": 325.385021313851}