{"4": 285.8281174426727, "7": 297.3002987941617}