{"1": 253.9447877431586, "3": 323.9584870946941, "4": 235.1371260503539, "5": 282.4752185191884}