{"1": 188.38131710278003, "2": 237.62749387099564}