{"2": 173.66908182317616, "4": 305.7800380533158}