{"5": 370.7413715323271, "6": 354.7041026051062, "8": -287.2256979598155, "9": 271.1467509367335, "10": 224.29382737446622}