{"4": 146.37114176168632, "5": -201.93915000199928, "6": 366.335453450852}