{"3": 163.69282945593477, "7": 232.03131622564297}