{"1": 341.4591281842386, "3": -349.64498440767784, "4": 356.77760655052134, "5": 219.223261349307}