{"1": 324.27010503146005, "2": 304.5285861176038, "3": 327.6478699552473}