{"4": 216.0002817548725, "6": 299.0400117449991}