{"2": 164.63484199720847, "3": 234.24326200230257}