{"1": 209.01875455450192, "2": 384.2611918220182}