{"2": 287.1562943409466, "4": 307.0966311270157}