{"1": 280.7385122152549, "2": 267.18465422081294}