{"3": 168.83541989814137, "9": 360.9353372515874}