{"1": 215.8160776411553, "2": 231.10555215888326, "4": 217.29263970553745, "5": 173.05504815731547, "6": 212.9172208210075, "8": 203.99935632876645}