{"2": 216.0191431012479, "3": 279.0099231285601, "4": 290.01102763244035}