{"3": 223.29423237284618, "5": 180.64812043743052}