{"2": 234.41167687209168, "4": 172.3502427350585, "6": 217.48642208747629}