{"1": -193.71614317988343, "2": 277.84256740741944}