{"2": 304.31865606667407, "4": 223.25773695720954}