{"1": 372.21737252018806, "2": 227.19135820587564, "3": 180.12987239258086}