{"1": 197.33999639598005, "3": 296.62268720715406, "4": 320.56688329927954, "5": 307.32157157618144}