{"2": 176.21812502373473, "4": 165.31062593272384}