{"1": 161.5539352750908, "4": 202.88780525778463}