{"1": 206.8087734209563, "2": 263.84920836799006}