{"1": 156.50625334063398, "4": 167.4761638234952}