{"1": -290.11467446618065, "2": 275.61587599660936}