{"5": 285.20758569727593, "9": 215.73523710568907}