{"1": 194.6267702966187, "3": 227.45383543348441}