{"1": 266.5699289701115, "2": 291.01325507631236}