{"1": 164.70678764603326, "3": 248.2891060502061}