{"1": 337.6543259080938, "2": 248.49830661701162}