{"2": 147.05161308414495, "6": 230.79907390591075}