{"1": 165.71304004739045, "6": 179.24473758602562}