{"2": -264.72429703010556, "3": 296.72003413995856, "4": 314.52997870597676, "8": 244.5644365135256}