{"1": 284.1086907630164, "4": 250.29745952412145}