{"1": 150.27426637479107, "2": 197.43303120377539, "4": 185.86479135800437, "5": 151.4722182960869}