{"2": 355.3784947446237, "3": -267.7646645401808, "6": -352.73929223281846}