{"2": 306.40011562045197, "3": 289.811864876066}