{"3": 176.44830251020858, "6": 265.9215879680528}