{"1": -171.30331047583616, "3": 205.87936989260572, "4": 291.8633132573933}