{"4": 200.17988277136635, "5": 309.00750188824316, "6": 174.41720541833251}