{"5": 301.46132994640857, "10": 290.3451522631751}