{"1": 383.03988813116143, "4": 156.59017863378403}