{"6": 223.0732694846032, "9": -226.18516677993978, "10": 197.95028233784967, "18": 177.2168173780558}