{"5": 344.14019487452117, "7": 151.99770271120087, "10": 258.1736893604293, "12": 183.48909970855925}