{"2": 182.37574165553156, "3": -209.2000000044476}