{"3": 372.62655889580344, "4": 351.2355309998226, "6": -310.2652092236094, "8": 289.75950522303015, "9": 443.8647208953772}