{"2": 151.62422729716252, "3": -160.30477243812493, "4": 271.32595338587544, "6": 329.9407125222714, "9": 237.0169191668598, "10": 155.2536886656576, "12": 176.56689663463442, "14": -321.57468988129267, "16": 235.33085654115985, "17": -271.68534729278844, "18": 192.0538969185526, "25": 284.2753712888608}