{"3": 288.77552262789527, "4": -275.3730956069462, "6": 261.45687146144655, "7": -291.9621854613117, "10": 276.88403321216504, "12": 223.61550172589057, "13": -288.93101420402206, "14": 235.1385342318771}