{"1": 394.79266120590546, "4": 410.5607977926055, "5": 221.82280090790243}