{"2": 213.26197654526607, "4": 293.1904468830097}