{"1": 328.40871111289994, "2": -314.65679710041934, "3": 213.31379533466747}