{"1": 250.74700471932, "2": 297.6161051878955, "4": 164.76013318795106, "6": 163.72363245921264}