{"1": 257.47178553207084, "3": 249.92091385612048}