{"1": 451.5637397071455, "3": 247.7243748848034, "4": 315.1151610276354}