{"2": 244.98518241019826, "3": 178.52320395363427, "4": -325.0568341966326, "5": 331.1477737917048}