{"1": 265.0712037852097, "2": 190.92935288140632}