{"4": 328.7869743523114, "5": -262.611157409651, "6": 270.66933589774567}