{"2": 253.52529414034268, "6": 201.63306828288603}