{"2": 282.5055568816043, "6": 288.1226429380406}