{"3": -153.50708779841614, "4": 226.5924085554551}