{"3": 147.42046985784611, "4": 252.9959531136749}