{"3": 168.2055799511828, "4": 247.19698116612926}