{"3": 404.35947641696157, "5": 191.63533856249586, "11": 332.916417303136}