{"1": 291.65730179832076, "2": 260.6842397135322}