{"1": 332.04225946524457, "3": 330.4469106710386}