{"2": 302.7134782479759, "4": 163.01353201211202, "5": 224.93379123486943}