{"3": 313.5034232253471, "4": 147.76040756425073, "5": 199.74692235122575}