{"3": 212.81029651569952, "5": 249.4566948371663, "7": 169.1959810714916}