{"1": 360.43648923868227, "2": -361.4425352167411, "3": 240.8371294798494}