{"2": 183.41790716415937, "3": 205.1015436345741, "5": 180.6563896657774}