{"1": 291.7375033681154, "4": 240.06455071078858}