{"1": 175.60551577983676, "2": 203.6425835332418}