{"7": 200.51892581095228, "10": 145.58957213617464}