{"1": 269.80170408610707, "4": 317.2973687215308}