{"2": 222.0471620926014, "4": 152.12537250133175}