{"1": 213.03459915472877, "2": 190.51518631944236}