{"1": 178.75902907071924, "3": 177.79306174896345, "4": 179.94684675394348, "5": 327.0973219480594, "6": 279.857693811426, "8": 278.4762920330671, "11": 315.06844834310266}