{"3": 299.21542003571244, "4": -176.37265909933444, "5": 279.3636358972843, "6": -204.66497953007303, "8": 282.00592305779696}