{"7": 261.3461907075481, "8": 226.54879218486508}