{"2": 163.51943037403692, "4": 194.94396839636568}