{"1": 167.10963674022128, "2": 303.29362034037706}