{"1": 350.88223146786606, "2": 370.5834829008186}