{"1": 272.5361801138997, "2": 225.8137264813206}