{"10": 197.24877711429463, "11": 297.6330456513616}