{"1": 216.82422731705856, "2": 313.75159271741757, "3": 283.3506191349819}