{"1": 157.08746696218623, "9": 157.45832882824777}