{"4": 230.90553294395272, "7": 216.52453031827724}