{"1": 195.6288855750081, "2": 325.7979131775853}