{"2": 189.679856050618, "4": 207.13674516864103, "6": 299.91735490965675, "7": 270.363362618496, "11": 265.75173767922377, "12": 153.12834155697215}