{"4": 267.35799950002763, "5": 310.2545382320228, "10": 407.97262992910726}