{"1": 217.4662664623845, "3": 376.77740248788916}