{"2": 271.9187041694138, "3": 278.4746487425484, "4": 279.7753710874239, "5": 162.09087860796296, "6": 252.73329911137012, "7": 325.7786886757467, "9": 276.93813233938954, "10": 248.37947560876955}