{"5": 229.89094221589698, "9": 162.68313920271328, "11": 152.31761193965406, "21": 287.3702861315155, "22": 271.6346091135342, "23": 178.274239825912}