{"9": 151.67647913213494, "10": 151.91430337645738, "13": 195.69108785215496}