{"2": 255.518704533117, "3": 277.26881003379196}