{"2": 218.0331869678448, "3": 202.1960468492431}