{"2": 332.5583518471025, "4": 152.92801292920865, "5": 219.54608685852588}