{"3": 374.31935016664715, "9": 438.4817688484669}