{"1": 285.9627802197541, "2": -216.04522868382264, "3": 260.5464649486303, "7": 207.85244009743838}