{"2": 208.38846900401143, "4": 199.2796809711689, "5": -261.1627019112984, "6": 255.77780518619682}