{"4": 259.35736244305895, "6": 233.17830571924992}