{"1": 259.57485350767763, "2": 200.2674971262261}