{"4": 253.44728069496387, "5": 279.6884948817725, "8": 311.90457718063317, "11": 287.42050783644197}