{"1": 280.2847082407943, "5": 253.69949293594584}