{"2": 192.99433460462615, "3": 202.68735327096863}