{"2": 307.8966802338556, "4": 292.62802182759185, "5": -261.1546197880894, "6": 262.69599584200955, "8": 159.13205641837646}