{"1": 298.5576729292013, "2": 292.8354308714005, "3": 325.2495237845982}