{"1": 299.44989482307426, "2": 341.962839002858, "4": 246.8023031608327}