{"1": 317.97700614419136, "2": 265.62817508754756}