{"2": 278.2030771268512, "4": 286.11402586660836}