{"1": 247.4950732715456, "3": 293.5674298441728}