{"1": 253.5334545233046, "2": -174.52220146379693, "4": 282.31766883243813}