{"2": 270.201114070661, "3": 277.7267716489139}