{"2": 187.2766575125636, "5": 281.8423485663794}