{"1": -199.01698279689026, "2": 212.30657058972565}