{"2": -202.23586747267746, "4": 150.1345498460335, "6": 217.19202841180652, "7": 275.6403486436991, "9": 234.91830723794942, "11": 289.7638286752399, "14": 167.87248692494268}