{"1": 276.42628395956785, "5": 162.47503119103982, "10": 285.803873332207}