{"2": 253.38777822316297, "4": 165.57153623041802}