{"1": -213.4385619118667, "4": 181.71076796811985}