{"1": 158.12643873900754, "2": 165.35770783304974, "3": 279.35242474178096}