{"3": 184.39826761220888, "4": 293.2266861747589, "5": 274.6106492230733, "7": 253.4971588347289, "8": 280.8910528812445, "9": 271.6387196572201, "13": 313.488417527601, "14": 325.8553069418391, "15": 299.7842484662168}