{"1": 273.12093938122234, "2": 299.45121929865036}