{"3": 197.911851231598, "4": 261.4595388989676}