{"1": 430.5534731434652, "2": 172.65265945571798}