{"1": 164.19111449850175, "2": 258.3433284212588, "3": 290.17550713055164, "5": 295.41944678409516, "7": 327.8674901782921, "9": 323.4884578081867}