{"1": 246.47323934801557, "2": -271.5301353465434}