{"3": 252.5636496319296, "4": 370.53915752894386}