{"1": 350.76296323940994, "2": 321.93357947196364, "3": 258.45592104842706, "5": 263.07649268148714, "6": 217.47159550832077}