{"1": 236.51239652995628, "2": 242.53619286966762, "3": 255.99931127391164}