{"2": 198.1609091718891, "3": 264.0615061888319, "6": 279.13423349851473}