{"1": 234.54903092105985, "3": 248.52805613733017}