{"1": 279.80333907193767, "2": 267.683341774925, "3": 154.14071572856324, "4": 209.59179298840536}