{"4": 295.92350888774536, "5": 295.6843664689545, "6": 328.46310142716334, "10": 348.8173322704812}