{"4": 247.8668959770257, "6": 249.34898960704447, "7": 343.8429558780957, "10": 180.6708004154844, "12": 153.21882636821437}