{"1": 300.78694225179356, "4": 297.369047804096}