{"2": 481.1586684464319, "5": 147.6141954113575}