{"5": -172.8445585197082, "9": -144.91606732918927, "10": 357.8342733771897}