{"1": 186.3086380877479, "4": 249.08018027494268, "7": 157.98118640373104}