{"3": 302.15792818484726, "5": 234.38293219321258}