{"3": -236.01599352486033, "4": 166.61389485597658}