{"1": 263.3961951693823, "3": 152.8196052867587, "4": -146.4499239728658, "6": 271.7784671470429}