{"1": 318.2334478134296, "3": 323.368117560056, "4": -320.9782646252405}