{"1": 340.7897655030962, "2": 229.95771870364047}