{"3": -178.41924729455843, "4": 294.4108095868297}