{"1": 281.79016760288516, "2": 318.38586963007447}