{"2": 232.97927069086893, "5": 169.6290537770957, "7": 209.40830814760045, "8": 198.42608103325165, "9": 196.49403131704923, "14": -215.38871006738708, "16": 222.36970854626952, "17": 219.0085336157016, "20": 196.62052580031013, "22": 170.92157280242031, "23": 214.44659842755618, "26": 272.4384553123681, "28": 301.1248914082812}