{"2": 182.45186825936548, "3": 160.21227821209163}