{"1": 159.1404807591755, "2": 271.4973087777412}