{"2": 232.54687873256592, "5": 327.3004354577546}