{"1": 158.88764563088296, "2": 230.1232524898752, "4": -213.6712787208333, "5": 246.4794635104413, "6": 228.3653235903024, "9": 283.2799808064142}