{"1": 247.88241915316462, "3": 169.1161025849584}