{"1": 229.84451320898313, "2": 261.94596581365647, "3": 199.76747601649527, "4": -363.67041204470536, "5": 239.91449162702713}