{"5": 296.12623718839245, "6": 216.40206143082094, "7": 194.2727320551047}