{"3": 277.09469747509706, "4": 273.9905701560498}