{"2": -197.79102596113938, "5": 279.4346523073734}