{"1": 271.34672646597016, "4": -232.63190860828138, "5": 353.46472205778366, "6": 245.51733729898285}