{"2": 276.31090401291544, "4": 156.93534855954783, "5": 303.6800654321071}