{"3": 262.3810906523281, "9": -226.209291380362, "13": 196.3799802794921}