{"1": 269.9099640134143, "4": 216.82093713873815}