{"1": 154.11693383292732, "2": 252.03426321416907}