{"5": 345.2694389850235, "10": 155.4006412643639}