{"2": 305.0718566450985, "3": 353.51430704033, "4": 194.48046065971312, "7": 254.9928006107873, "14": 220.44224346353792}