{"1": 327.1525210251626, "2": -347.63663542644093, "4": 313.3924943198356}