{"1": 267.1038627403801, "2": -255.55989528310624, "3": 211.3171746648967}