{"1": 220.17426449310437, "3": 165.73747416292906}