{"1": 248.21995742685112, "2": 226.2336041212494}