{"1": 222.43644979774217, "3": 266.42396152615663, "5": 375.5728901102899, "6": 225.88846418258686}