{"2": 229.65021802215688, "3": -205.10194950046514}