{"1": 418.34410091513166, "2": 551.9661816008964}