{"1": 263.10020949534885, "2": 226.40579659212472}