{"2": 244.06780509294686, "3": 259.0112261298963, "4": 264.40600445368364}