{"1": 286.2970090415847, "2": 326.06391838292893}