{"8": 319.06806152716183, "10": 239.57114434429263}