{"1": 265.67759249275014, "3": 310.0253197069269}