{"2": 170.12614384704705, "4": 182.61772157644816}