{"2": 225.9804731873611, "4": 188.90553324061818}