{"5": 416.44438460319964, "7": -476.92941242668087, "9": 258.40211039724}