{"1": 263.40076039302096, "2": 181.21331158016278, "6": 316.6557208074357, "8": 267.8755132947399, "10": 179.29704004058874, "12": 275.12814511826616}