{"3": -241.38012862812542, "4": 248.92316914157175}