{"1": 176.374158497552, "5": 280.1387202846339, "8": 349.55483531601715, "10": 282.745137067787, "15": 206.4987369092521, "16": 246.93381857342024, "18": -260.51932080225214, "19": -259.82415027896303, "20": 263.8100358535896, "27": 265.0983107425402}