{"2": 275.9632166051108, "3": 204.417515748926, "9": 260.566517017152}