{"2": 237.8020669532783, "8": 233.17953837257107, "11": -165.79882961227318, "12": 228.8652407648632}