{"2": 191.74455361441562, "4": 155.9681292478091, "9": 248.6731952022235}