{"1": 271.8043181104392, "3": 260.7245590129853, "4": 246.38466123439844}