{"1": -166.36997911891189, "6": 199.53222999936213, "7": 179.91091981215004, "10": -178.75472376933755, "11": -175.1728498358164, "12": 186.62922423757368}