{"1": 244.3726600014993, "4": 232.90358269915896}