{"1": 215.1233247583391, "2": 482.5157757950079}