{"2": 264.1167168918132, "12": 210.4387490303917, "14": -204.2721757071289, "15": 255.85185622266272, "16": 258.0020728346901, "17": 240.01604196455582, "21": 226.8681927878622, "22": 283.1426294921996, "24": -201.69062599889008, "26": 184.26717315072813, "28": 189.78010892435145}