{"1": 262.27838146044985, "2": -166.79993717736227}