{"1": 205.21752273245613, "3": 251.6556870876849}