{"5": 188.572073415575, "9": 237.45195684594125}