{"1": -187.8312247845272, "2": 276.8911770004295, "4": 193.78756727678785}