{"3": 244.13198934753973, "4": -240.40392019556236}