{"3": 264.58118586714806, "4": 213.4643831231058, "7": 271.1861620978077, "10": 198.76497171662265}