{"3": 486.5414263178051, "5": -510.57143334876446, "6": 411.45392060421636}