{"1": 346.2487509909296, "2": 198.22981121515045}