{"2": 287.3453753176349, "4": 251.6749608877684}