{"1": 164.45547747286935, "3": 232.78496860441896, "5": 258.33947771941723}