{"1": 311.5911991687591, "3": 261.93136552489295, "5": -171.95286022742704}