{"1": 276.291199112168, "4": 316.8394189970775, "9": 242.89596710134128}