{"1": 234.7759521411882, "2": 227.13761595133747}