{"5": 259.94526995160345, "7": -275.97235940355574, "9": 359.78905265025617}