{"4": 331.56615003651314, "9": 162.07202461936788}