{"1": 267.34936507059797, "2": 276.85308235838545, "3": 189.48353635111312}