{"2": 233.2810525137403, "3": 148.45150506063885, "4": 185.2090714204487, "5": 224.56910776470875}