{"3": 284.0403728160147, "4": 227.71391616873166}