{"1": 311.97899743971493, "2": 260.12153015243575}