{"3": 264.013167520621, "6": 294.05581800647053, "7": 211.12818145532628, "9": 209.59275010957867, "10": -197.31430958813314, "12": 314.3648096758152}