{"1": 294.4832251089614, "2": 235.42411666006365, "3": 235.7650675655941}