{"1": 266.5056767204443, "2": 255.88841499386797, "3": -259.1036345229489, "4": 283.4572091902687, "5": -243.03358190391975, "6": 157.17292172042028}