{"3": 244.68455470929473, "6": 291.8346290985627}