{"1": 281.3072072709374, "2": 273.53794438183024, "3": 209.5921137706374}