{"1": 176.90754212447837, "2": 271.7552842763131}