{"3": 196.37491352622453, "10": 289.76092708234444, "11": 263.8838308802814, "14": 207.65177030180178}