{"2": 163.09611066210232, "5": 440.1465426901708, "7": 265.22481031333723}