{"4": 317.2448446018757, "5": 318.52517574540923, "10": 337.0226366180502, "11": -296.57628937227236, "13": 326.1625265011878}