{"2": 190.08774949912163, "3": 161.79738529363487, "4": 148.37545523296126}