{"3": 168.47423300196306, "4": 311.7867326857697, "6": 193.76792021137248}