{"12": 209.3229221475142, "16": 302.03990091497724, "17": 297.40346225058397}