{"5": 161.8301168737254, "11": 171.73403399095002}