{"2": 293.80550198584353, "4": 146.68851521221757}