{"1": 153.83176474870334, "2": 160.66563127758184, "3": 249.64100455724008, "5": 269.7602818411549, "6": 204.83213230607248}