{"1": -290.0209087172841, "2": 283.65888470573066}