{"4": 247.02749067336129, "5": -237.2596954123137, "6": 193.93715490470038}