{"3": 209.62517176982578, "4": 145.6673304697863}