{"2": 227.44847428630032, "3": 236.50114684302105}