{"4": 176.4991130437246, "5": 151.24818021664055, "7": -336.3837986771393, "8": 201.92398798114596, "9": 240.6197739154527}