{"2": 330.3776466580607, "3": -145.47682681462095, "6": 234.99364160407663, "7": 318.429010702307, "9": 161.28334042264953}