{"5": 358.41245683681586, "7": 218.6539313833939}