{"3": 436.7685203384683, "4": 246.8670037341276}