{"1": 241.53982987329437, "2": 307.5231088743268, "3": -315.14503346603817, "5": 238.74180739848475, "7": 309.6690231131339, "8": -305.0092072621933, "10": 277.9468072934908}