{"1": 194.56902414690512, "3": 220.98257782802204}