{"1": -193.67273189375072, "2": 152.51280696600395, "3": -276.38351759580644, "4": 282.6793011888101, "7": 282.2285916790206, "9": 238.24407785315213, "11": 315.07133431867}