{"1": 254.0613092719343, "3": 333.7138224233365}