{"2": 338.857095453394, "3": 355.60976638052875}