{"2": 293.76583528936146, "3": 260.0333819418961}