{"3": 153.8047282222077, "4": -156.76600979436}