{"1": 224.30211308573553, "2": 306.4239419782633}