{"2": -152.82632562471122, "3": 197.04547293106305, "4": 169.10486801901845}