{"1": 312.70669798092763, "2": 158.98537574249508}