{"1": 175.51158689739685, "2": 146.621059442974, "5": 181.6712004544517, "8": 258.28875713663194, "9": 240.37363403779807, "10": 300.33352145227695}