{"5": 227.35079206425087, "6": 285.7482925347273}