{"2": 207.92630535727415, "4": 190.41603164567698}