{"1": 281.91969277927285, "2": 295.2226157876079, "3": 321.34577902314777, "4": 350.0210279598382, "7": 263.987037887171, "8": 344.3868930248591}