{"1": 274.89224691300706, "2": 287.72340160040756}