{"1": 594.7043706292181, "2": -626.087339517223, "3": 276.79201272318005}