{"1": 300.3721349742008, "4": 288.4300786012433}