{"1": 244.54138326908867, "4": 338.74838548385253}