{"1": 178.5404516904697, "2": 257.8736876914346}