{"1": 235.61247637968927, "4": 263.74881354544425}