{"1": 251.47631401428146, "4": 222.4951272051784}