{"1": 313.7057376977301, "2": 269.49405856449334}