{"5": 457.34537688114347, "6": -468.4412127177112}