{"1": 292.12416604907094, "4": 307.0858826654893}