{"3": 314.4267184174166, "4": -291.1087203151871}