{"1": 207.50521186538845, "7": 228.04126031321027, "10": 200.63765567438992}