{"1": 307.97544240669833, "3": 153.31065295629105}