{"2": 181.57366150112512, "4": 262.14477635123365}