{"2": 291.6835869503336, "4": 229.39219032717529, "6": 285.9973001091007, "12": 212.07439340702058, "14": 327.47478941924317, "20": 215.37420153668586, "23": -181.81990437317546, "32": 229.5027993262355, "37": 287.1970150430776}