{"1": 194.52847954704544, "2": 182.97889463321428, "3": 324.4019622260063}