{"1": 312.92534604367233, "2": 238.6202818123072, "3": 305.15715013047407}