{"2": 324.55247884398386, "3": 224.09971527644427, "9": 337.3261713004939}