{"2": 360.71941581257227, "4": 161.233687352243}