{"1": 203.3394279729497, "2": 215.28108958527616, "3": 239.35872784394087, "4": 184.4308449930761}