{"2": 229.75647255506306, "3": 213.48011065752542}