{"1": 158.89061222761018, "2": 302.42009436844535}