{"4": -201.64008637100005, "6": -252.76450829950193, "7": 248.76306948985825}