{"1": 245.7029526729275, "3": 262.44224464202784}