{"7": 320.16735872608126, "12": 163.8771680533772, "13": 305.9609444882947}