{"1": 323.8482100953222, "2": 335.2581102986967, "3": -196.2490096328096, "5": 333.2755548685619, "10": 243.66609348669044, "11": -182.11918107898475, "12": 265.42099140589687}