{"2": 201.02841875121294, "3": 183.26586552505205}