{"1": 223.03100629092734, "5": 295.8149748611062, "7": 320.55250035460165}