{"1": 237.0696797552033, "2": 206.95716094035208}