{"1": 327.3155680977926, "2": 292.6546729570483}