{"1": 331.51643380796895, "5": 320.8478870574745}