{"1": 195.5437348763569, "2": -214.8595512225681, "3": 257.5831111942015}