{"2": 264.30276292137944, "3": 310.90242937196035, "5": 286.4486533607235}