{"3": -151.54308177433882, "5": 281.14295852621615}