{"1": 228.7178997919483, "3": 260.2500168093586, "6": -190.9207230289876, "7": 215.7051787582751}