{"1": 236.12170298920057, "7": 182.62296957713556}