{"2": 200.3961381391357, "4": 175.58116162372585}