{"3": 312.40459692096067, "6": 177.65227070113667, "8": -349.952912224068, "9": 255.85110775331384}