{"1": 208.08029178730965, "4": 269.8036146479815}