{"1": 182.8191079343818, "6": 164.47790983655113}