{"5": 151.10707211948557, "6": 265.72694013051387}