{"4": 227.60408660778808, "5": 308.23379281895916}