{"2": 295.91515280316435, "12": 286.77952183955733}