{"2": 347.82457444163686, "3": 184.24849872488824}