{"1": 241.73404062567897, "4": 218.8961163983663}