{"2": 352.7625887966035, "3": 212.2247600900048, "5": 309.78900506581556}