{"2": 230.42696407555127, "3": 222.21801578614327, "4": 183.78521203815865, "12": 273.49997576592705}