{"2": 313.90092725004547, "3": -303.0162043484588, "4": 208.04648928306983}