{"1": 160.28966772462616, "6": 611.2975721424945}