{"4": -197.0605707186236, "5": 516.4246999507415}