{"2": -168.31423721942633, "4": 391.9222226558227, "7": -262.2703336444428, "9": -218.95877560435474, "13": 166.3876985191572}