{"1": 250.4086299283656, "2": -277.25639624041037, "3": 202.07356154494528}