{"12": 217.5977136338987, "13": 232.06639823436103}