{"1": 319.4176043995599, "3": 214.01276311394145, "6": 264.73732057566986, "7": 144.41202223097935}