{"2": 157.6701577701275, "7": 147.06114419603546, "9": 206.68141549280142, "12": 194.40268017040842, "13": 237.30734130981705}