{"3": 144.4759438978067, "6": 292.4823098825451}