{"1": 338.5605419592698, "4": 283.80567406429077}