{"1": 245.40290026002378, "3": 373.47803374281204, "9": 167.9598016601908}