{"5": 238.11078902158283, "6": 204.0323771697531}