{"1": 295.5026766675692, "3": -269.7667163358689}