{"3": 343.1278395722152, "5": 153.23948296178241, "6": 236.10620320701753}