{"2": 317.6367364594349, "7": 348.1024567533548}