{"3": 551.340379248625, "5": 272.3498440358196}