{"2": -237.06799872912285, "3": 171.00091944811936}