{"3": 152.96034163421723, "6": 341.27521083422687, "7": 296.7446598288685}