{"1": 235.8768927379573, "2": 265.4306219960248}