{"1": 291.7774095237032, "2": 197.34094286139464, "3": -210.63063884407416}