{"1": 256.0480657405535, "2": 259.5403704226942}