{"2": 186.46130596610737, "5": 265.0661085616971}