{"2": 166.62986817665484, "5": 247.33948084620545, "8": 289.6028209938978, "12": 316.33932687354604, "13": 314.9494586797724}