{"1": 271.0418578899129, "6": 148.08249213251588}