{"1": 301.3475812032632, "3": 231.459791824087}