{"1": 168.40126559157818, "3": 232.05498926279483}