{"4": 295.3394695295942, "5": -272.6421624479027, "6": 276.69106543137764}