{"1": -198.6930672444987, "2": 256.98009307489406}