{"2": 570.9147442883449, "4": 333.9572529286616, "7": 167.92576968637297, "8": 465.67273473395915}