{"3": 279.9275128993678, "5": 269.67012754751636, "8": 262.15800764062703}