{"2": 160.80950670035497, "3": 194.7382202812454, "14": 225.04612625822347, "16": -235.55527148568234, "18": 283.7953041354882}