{"2": 585.9594101319432, "5": 283.0996891642577}