{"8": 334.2721783260059, "10": -187.84513455005532, "11": -230.75379830916432, "12": 274.70895199158315, "14": 225.86124224181833}