{"2": 314.9743873629833, "7": 272.3666389537573}