{"1": 145.55191159969138, "5": 154.5259962202182}