{"2": 336.43324898590606, "3": 252.2860082012072}