{"4": 160.3082746128407, "5": 173.3904543634178, "8": 170.74220471549654, "9": 167.73310847486277}