{"2": 230.3514291565848, "4": 308.3503692942576}