{"6": 224.57215534900308, "11": 256.7029893512537}