{"8": 244.33138193400987, "10": -225.35047528665729, "14": 475.06050904142114, "18": -530.9013912809487, "19": 203.3490191634496, "21": -235.59693374558492, "23": 224.34089777196118, "32": -258.1187447342551}