{"1": 286.3261582177645, "2": 250.87110710364084}