{"4": 182.87880563076453, "6": 205.52016549783252}