{"2": 219.0235690236143, "3": 203.88956728764776}