{"1": 372.2000158296014, "4": 266.5710353232969}