{"4": 295.08600069717727, "6": 255.77428013238227}