{"2": 201.13273786533307, "7": -186.04546114089658, "19": 293.68474073355674, "23": 151.46925783296183}