{"1": 319.7421070422565, "3": 271.90449152414453, "4": 497.55674974634735}