{"3": 317.58882140224534, "5": 274.38365962279124, "9": 209.39444467909163}