{"5": 239.57693251186652, "7": 188.04491407064802}