{"1": 273.4041181140856, "3": 264.96585906957023, "4": -253.30997223304803, "5": 291.74460957263136, "6": -284.02805496980875, "7": 294.5496401233373, "8": 324.15075245411265, "9": 274.01453829841114, "12": 255.793031566246, "13": -296.26438514243796, "14": -297.1459585220993, "16": -294.6372181380989, "17": -292.71814142201305}