{"2": 186.46696615980738, "3": -182.15810248398685}