{"2": 189.42258124526995, "3": 306.4050382423154, "5": 507.31424402467076, "9": -489.4381639278066, "10": 356.5251249603915}