{"1": 304.7590985557665, "3": 280.09426467895287}