{"1": 335.44141927946043, "2": 158.95030953425692}