{"1": 159.89997474440088, "2": 185.4714302118408}