{"1": 234.3174775545399, "2": 162.5541827857287, "4": 146.76853649330212}