{"3": -235.56943244645032, "7": 187.38987241246696}