{"2": -170.28525620379014, "6": 268.47238962006566}