{"4": 153.21724981061197, "5": 271.3338280869435}