{"1": 274.3384136815954, "2": 234.04647816214197}