{"1": 193.32554346113534, "4": 159.01547548412043}