{"3": 178.52952319183908, "4": 323.2768473845048}