{"3": 250.68502369229225, "6": 206.41930508636494}