{"1": 270.5916654168925, "2": 285.3380462575616}