{"1": -144.99854864288073, "3": -263.3639921846206, "4": 183.5417961411806}