{"1": 289.06043804583976, "2": 246.37914730987563, "3": 261.4286814109057}