{"5": 258.5687931946185, "6": 221.99871069972824}