{"2": 392.9877926380732, "4": -327.48547730627655, "5": 326.3792773359859, "10": 275.2362587869843}