{"2": 218.9337807892448, "6": 246.588644085924}