{"1": 310.6867353112797, "2": 258.4293906566587}