{"1": 248.7975148439051, "3": 198.51033355115032, "5": 237.74010744167538, "6": 161.59381971978848, "8": 206.7837895216045}