{"2": 278.60640397009615, "4": 213.98710927006243, "6": 233.36281148814123, "11": 217.5087727795236}