{"3": 258.88909638132327, "7": 301.8130118033449, "10": 305.121126336623}