{"1": 193.96247776099028, "2": 197.37037981301796}