{"3": 266.88102972708293, "4": 240.10623241868166}