{"1": 271.598403097668, "2": 235.10759210002027}