{"2": 315.17980689420426, "3": 320.3109037896627, "4": 369.2205686271001, "6": 162.8679734667037, "7": 335.39210384810656}