{"5": 332.27438512603885, "7": -301.9561566535317, "8": 370.781828974155}