{"1": 165.90499841908422, "2": 261.4742880616161}