{"2": 240.81433549894848, "4": 151.89096794734087}