{"1": 262.6646578147388, "5": 186.9031530051359}