{"1": 147.93693609759237, "3": 267.20080972213066, "7": 172.48949129841185}