{"2": 287.711282352181, "3": 200.3400352459389, "6": 592.1990343894211, "7": 304.1535547428671}