{"1": 173.87991327921668, "4": 214.91517848538456, "7": 205.3305364181773, "8": 162.29037844672177, "9": 213.1514333752043}