{"1": 521.4672449529799, "2": -528.7197492908449, "3": 296.10354393177386}