{"1": 179.52660805916992, "3": 241.2366515190647}