{"1": 285.1900311502927, "5": 159.34967503313385, "6": 241.85273115720372, "7": -210.1771142945841, "8": 243.2890011125976}