{"2": 183.52768728984495, "4": 285.3035722202869, "8": 368.25515941949266}