{"1": 147.7502121312648, "3": 253.94752095522813}