{"3": 289.1905972344183, "5": -227.22283335011997, "6": 210.7954281906816, "8": -210.8331304531887, "9": 299.5850752191616}