{"6": -158.93392631833584, "10": 177.69965321762606, "13": 177.45722313912006}