{"1": 148.0930175330667, "2": 320.3013220062105, "4": 275.39522830742794}