{"1": 321.34137600098506, "2": 331.9221091156803, "8": 279.2661091946611}