{"8": 188.734094898973, "9": 234.39552936501286}