{"1": 247.29820489175108, "3": -155.87633642874925, "7": 213.6670168017423}