{"4": 240.90342085159114, "6": 252.9183055325842, "11": 301.2336155538459}