{"1": -337.5446407963179, "2": 271.31838433656026}