{"1": 145.2737510362652, "3": 179.6644509645257}