{"3": 397.72097843089773, "5": 242.63395831680202}