{"1": 158.84518319415508, "5": 241.5696247287599}