{"2": 215.9387497647797, "5": 244.63375973654422}