{"1": -162.12569111626328, "2": 274.1051152470516, "5": 268.37423636863355}