{"1": 182.95786227169606, "3": 216.46591805979983, "5": -303.35467814968314}