{"1": 213.02683399148395, "3": 302.5163415149276}