{"3": -152.560875526396, "6": 270.0316245030947, "7": -232.70302422328604, "8": 205.0684150948074}