{"6": 177.72230910406768, "7": 160.71603252365753}