{"1": 196.1957979478559, "3": 237.27716836974218}