{"1": 177.36011755365826, "2": -240.67548602692136, "3": 236.80173496435577}