{"1": 172.60402881598532, "3": 191.27105518976418, "7": 298.4695849313656}