{"1": 296.3887696328726, "2": 206.68493708574965, "3": 176.75631082081497}