{"1": 163.46069507113748, "2": 254.63839961629446, "5": 308.8557523403075}