{"1": 182.19093684792517, "2": 246.75452575471547, "3": 247.0435157473081, "5": 288.86196712328945, "7": 188.48482283124417}