{"2": 193.0868774415694, "7": 262.42536104375586}