{"1": 333.19351563416967, "2": 282.77032889434156, "3": -478.5697268701116, "5": 205.64752217379822}