{"2": 326.89447504588065, "3": 257.71303750376853, "5": 188.81041016828954, "7": 253.18103717024155}