{"6": -253.77384602067582, "8": 171.63928639248707, "10": 253.57357565211737, "11": 271.19727506755555, "12": 278.9943336485069, "13": 330.15945297410906, "14": 192.25166314208514}