{"1": 218.3520362499196, "2": 318.9379313497666}