{"2": 264.9498717598269, "3": 262.33913079613353}