{"2": 228.21706097873175, "4": 263.81526270860286}