{"2": 218.30413051174628, "4": 210.08172738078997}