{"1": 377.0796781154204, "2": 442.67181239223953, "3": 522.2901278239935, "5": 453.62328078388225, "8": 446.1888560338467, "9": 258.49661226077876}