{"1": 200.96456395780456, "4": 210.65213431571055}