{"2": 205.83928744057903, "8": 183.5362648843958, "12": -213.31521645653208}