{"1": 156.09612548210953, "6": -156.83617504193012, "8": 319.26850577382663, "10": -367.22794402914803}