{"1": 238.75391855474652, "4": 313.3744863137672}