{"3": 152.61048688995538, "8": 223.14221806632702}