{"2": 188.55652827462097, "4": -146.00776248426195}