{"4": 482.97959196043644, "5": 282.2944143100549}