{"3": 358.83542881384733, "5": -435.99398463224094, "7": 219.67245326356533, "8": 342.0255816323055}