{"1": 272.8733632112105, "2": 212.28829631609767}