{"4": 148.33554820479787, "6": 209.99159846652105}