{"2": 286.56186168549266, "3": 158.23872050095497, "5": 350.27396998645304}