{"2": 212.85103199253444, "3": 149.79644751647743}