{"1": 186.0683295413669, "2": 265.01508447885897}