{"1": 228.66764210309134, "2": 163.47516350763408, "3": 170.8543059553258}