{"2": 168.75246585327125, "3": 295.5079416175872, "4": 234.89491434774675}