{"2": 206.34198362698544, "4": 195.87563057611044}