{"2": 302.26423191733943, "4": 153.55636274315646}