{"1": 289.24054333062566, "2": -246.32287716199318, "3": 225.61779833661808}