{"4": 230.3793292817727, "5": 292.86004416019205, "6": 283.3088486565042, "7": -304.2698148542493, "8": 244.99712321695893, "9": -193.5734471245222, "10": 293.18718628889235, "12": -180.02271978053625, "13": 266.33871513052543}