{"1": 219.60645796497397, "5": 166.28736352581848, "8": 193.48261504865638, "9": 270.1956530368992}