{"2": 294.0102307463999, "4": -191.35741499815367, "5": 183.2890639406304, "8": 250.75174506757708}