{"3": 206.61104699968064, "4": -279.80646657419146, "6": 228.53665184759984, "7": 315.9086577951987, "11": 207.34742416147435}