{"2": 230.7221146920524, "5": 239.43301860746317}