{"6": 184.9071922902699, "10": 192.48893622951493}