{"1": 173.58497034188497, "2": 232.3866632328885}