{"1": 291.5934521572067, "3": 382.9840315022748}