{"7": 200.61521211338004, "10": 225.52307455131154}