{"2": 169.0230907936632, "3": 207.09790658087695, "6": 164.05301652400044, "7": -159.58790556268207, "9": 266.62927136560324, "10": 226.0328564646719, "11": -202.33041570219046, "12": 204.6186208930368, "13": -172.77843141334864}