{"1": 150.07542361479602, "3": 175.03625322093433}