{"2": 144.73547447329122, "3": 226.89093990227866}