{"2": 174.9915238513455, "5": 395.77873047501237}