{"2": 255.5486179711977, "3": 253.66636065019748}