{"1": 352.4928029623212, "2": 287.9759740235572}