{"2": 245.842015800014, "6": 280.6029137125688}