{"3": 150.37769247770916, "4": 282.4653900227636, "5": 213.82259278211927}