{"1": -210.03603749601228, "4": 156.4784398883329, "6": 206.09842494594568}