{"3": 266.1985238208995, "5": 274.21774324743967, "8": 254.224564249099, "9": 312.0481542766488}