{"2": 214.6987616953744, "4": 241.2100690948355}