{"2": 298.0742926590103, "6": 238.1985275158911}