{"5": 228.9015772708534, "6": 259.53311409623336, "7": 208.75123656460244}