{"2": 149.89752805969113, "6": 322.0995863914753, "8": 293.6428046141875, "9": 330.6791999612144}