{"1": 412.61336291103987, "2": 323.92342348370016}