{"1": 311.7098540461958, "2": 190.70625652060653, "3": -488.8613772062275, "5": 172.02681514206222, "6": -227.2091103386931, "7": 249.05314796381845, "10": -229.67295451934694, "12": -188.75058217495615}