{"1": 281.5759179021734, "2": 190.12402307082266}