{"5": 208.0230422569657, "12": 310.87505451822005}