{"1": 164.4713231715698, "3": 279.630371354437}