{"1": 296.30334519731196, "2": 346.43046567650435}