{"1": 217.16129456441388, "3": 331.546978818659}