{"3": 223.36275956393865, "4": 175.4050498900665}