{"1": 187.25849485516665, "3": 228.2450882662539, "6": 285.61646665843443}