{"3": 186.58108662518964, "7": -290.6346130271623}