{"1": 385.7238224313196, "2": -280.452907656124, "3": 281.6505645372242}