{"1": 254.5717479019056, "2": 307.0074538662344}