{"2": 312.8373990133607, "4": 461.2705283272512, "5": -510.1364254596749, "6": 390.4524162140357}