{"2": 227.15190645008124, "5": 197.3607998031166, "6": 235.0614188716345, "7": -200.4351652920638, "8": 294.41980913964153}