{"1": 213.7241775167979, "3": 337.95148167664036}