{"3": 317.6097374638566, "4": -278.7689607439743, "5": 254.37569232371573}