{"2": 178.98280921864637, "3": 250.61286035182434}