{"1": 238.74224261525308, "2": 250.3432690355222}