{"1": 193.81483910580334, "2": 189.1479343861646, "10": 304.02512708072686}