{"1": 168.15890192650488, "4": -345.20368292590774, "5": -146.45311332804067, "7": 197.51738047628646}