{"1": 207.58718838790412, "2": 277.2477174773337}