{"2": 302.75998800583466, "5": 375.88918120066256, "7": 216.7557214300806}