{"2": 238.08294962273817, "4": -160.53741446401528, "7": 241.5634815372174}