{"1": 224.30985680074969, "2": 275.00583996675084, "3": 213.04903604689525}