{"4": 290.05281240828253, "5": -149.69696309789003, "6": 225.60687559321377}