{"3": 180.21065597105735, "5": -179.42290073679726, "8": 194.97260007953514}