{"1": 347.28950998390394, "2": 320.5823342215541}