{"3": 343.52611972821205, "4": 242.73740884405413}