{"1": -218.23900524495338, "2": 144.41206310579128}