{"1": 176.74714057443703, "2": 298.26051800049265, "3": -289.5111285192942, "5": 358.805497080039}