{"1": 347.2165024124921, "2": -292.59300250323486, "3": 224.0284638869323}