{"2": 270.24267701011377, "6": 296.6739186557684, "7": 305.1181239130094}