{"1": -246.13532621864695, "2": 367.8630052575186}