{"2": 210.23207656252282, "4": 220.42528647952565, "7": 251.69129225303345}