{"2": 267.0439895421963, "4": 241.5151287902703}