{"2": 146.26424936447313, "3": 280.2911755112506}