{"1": 354.63778618559707, "7": 173.18819044651536, "8": 218.2020585134734}