{"1": 233.3260540506576, "3": 250.4407216635609, "4": 146.50370750024229, "7": 252.3380690911215, "8": 144.14743394714912, "9": 256.22741536907483, "12": 161.3268370542703, "15": 208.1759696153597}