{"1": 509.6320674948215, "2": 407.61236996546324}