{"1": 278.6872753701671, "5": 246.9686671868318}