{"3": -204.7705549369755, "5": 147.60799561083343, "6": 184.82074674350713, "8": 210.21632352659208, "9": 195.3208512638755}