{"3": 495.95100686084015, "4": 190.0071753166702}