{"4": 297.18885507374443, "6": -211.2988357763228, "8": 201.57925214105148}