{"3": 338.97669711731976, "4": 189.31482228070604}