{"1": 296.62369852738834, "2": -282.7919067054785, "3": 263.8297303144635, "5": -147.43420073348744, "6": 299.7814406316231, "7": -201.96344984603246, "8": 298.3632121014426}