{"1": 449.1868853211049, "2": -228.84885969268478, "3": 407.7990715941056}