{"2": -157.42207164488906, "3": 522.6553740274062}