{"3": 400.12991709459436, "5": 590.8128166712524}