{"4": -502.16030653106185, "11": 156.61086146868365}