{"1": 218.08662470608772, "2": 227.30364077014895}