{"3": 148.65375233571467, "4": -160.40754316956213}