{"1": 147.82324193066336, "3": 196.86127040855013, "5": 144.81599889803908, "9": 153.30099905655948}