{"6": 271.2087169992617, "9": 276.3631847683612, "12": 263.477164807628, "15": 242.8568242019037, "18": 195.62999054154614}