{"2": 216.9541944233772, "3": 335.7063312315486}