{"2": 348.3473643305748, "3": 339.58657493512226, "5": -317.97769929764144, "6": 255.31163512446597, "7": 313.1834798413778}