{"1": 347.93982011704725, "4": 167.8940068330213, "6": 163.64741192728638, "7": -294.5870729875711, "8": 300.75322891439055, "10": 260.2222021074409}