{"2": 148.00757992367858, "7": 287.5057968219181}