{"2": 144.79871664379795, "3": 228.26940774925117}