{"1": 175.47362392110665, "3": 478.8257150382557, "4": 282.99059324752386, "6": 167.74180480970563}