{"5": 178.47314963306735, "7": 278.80355734979116}