{"1": 268.11040936880465, "2": 249.51367711485443}