{"5": 225.10712448550294, "8": 207.04756876099725}