{"1": 327.5379477928973, "2": 324.2574497660909, "4": 271.388961901696}