{"1": 151.80974704845949, "2": 292.60701297846094}