{"3": 156.24850379082739, "4": 209.8077832592695}