{"4": 202.80873080024082, "7": 163.6421044094925, "8": 202.18329098432662, "9": 188.46543979983812, "10": 223.30884857195144}