{"3": 177.9699255557714, "4": 188.42720361918362}