{"1": 298.26845771866533, "2": 241.09511089334035}