{"2": 179.17453556575538, "4": 260.8668628873785}