{"1": 151.8379897438847, "2": -168.07826596335872, "4": 335.9320232886687}