{"2": 155.97560543171244, "5": 182.16677170882042}