{"1": 355.1704826512753, "2": 319.05862255890213}