{"2": 304.12234734811466, "4": 167.36950177841754, "6": 180.6820678084232}