{"2": 296.0206446054202, "4": 187.80778351253582, "6": -333.6897960578988}