{"1": 243.07753943780403, "7": 299.523286940494}