{"1": 291.8243699502884, "3": -254.8736422467013, "4": 152.50030567612384}