{"4": 249.9021700740609, "7": 148.25769779192296, "8": 172.78983019726218, "10": 184.47202126499576}