{"1": 390.25005746761883, "2": 305.5612327357767}