{"1": 313.813775792161, "2": 238.11752006196707}