{"2": 224.19635658872346, "3": 224.101467358602, "4": 228.0464147942688}