{"1": 264.0782460687177, "2": 241.24674634044857, "4": 356.6720655237207, "5": -252.50616664487313, "6": 347.70769290228895}