{"1": 199.17376482514248, "2": 211.50660880411897, "4": 172.9375626406262, "6": -184.48612236814364, "7": 268.4223621786539}