{"2": 200.6988839737187, "4": 152.35096117079854}