{"1": 171.620985111982, "2": 145.14893510025172}