{"3": 206.72368591571262, "8": 309.87992663011585, "10": -286.7975952739606, "11": 230.03242287387525}