{"2": 180.10007588834185, "3": 253.5900035224713, "4": 160.5517309102837, "7": 233.55518580723185, "9": 229.03218407048655}