{"1": 272.6408985818766, "4": -296.81692610765185}