{"1": 145.78207159584656, "2": 228.88432535679453, "10": 360.9135557750757, "13": 445.7513836029934}