{"2": 253.75883749479135, "3": 269.9449106542596}