{"1": 268.09383476743585, "2": 199.70772871682948, "3": 227.67298499227888, "11": 190.1793281797734, "12": -277.63684360394757, "14": 230.9392484817496, "15": 172.62172548332205, "19": 339.7370059972005}