{"1": 331.62241190672773, "2": 382.0508232123833}