{"6": 246.56110062152288, "9": 149.96025245658632, "13": 165.45827355706092, "15": 209.2622239781805, "16": -172.62386238072247}