{"3": 152.6235078908536, "5": 152.82133717885176, "6": 175.76777042615117, "7": 196.68207298099287, "14": 158.13413150289864, "16": 144.21272442768986}