{"2": 366.53519224997285, "6": 297.02876936903795}