{"2": 446.84535103261874, "4": 357.54687688802323, "5": 515.8287241535164, "6": -420.9517740217731, "7": 338.9626063147641}