{"1": 265.100703009878, "4": 206.6427483220334, "5": -258.53603179625827, "6": 177.95677717705405}