{"4": 235.49912364001875, "5": 205.91372927745397, "9": -220.41323301286963, "15": 290.6699356865853}