{"1": 148.28616487889508, "2": 291.59326613040867, "3": 185.06432240088202, "6": 270.2411320886623, "8": 281.03890556088754}