{"1": 236.63114805693408, "3": 290.66077193278477}