{"2": -221.9450428031239, "3": 218.81121871863922}