{"2": 357.3336812675775, "4": 279.44775026048137, "7": 263.82872797723337, "8": -279.32661404094284, "9": 327.82176436079806}