{"5": 193.99602137924444, "6": 262.9683806611347}