{"1": 305.5448701975988, "3": 487.7538623274985}