{"1": 199.0556809829286, "2": 330.43943249632343}