{"1": 192.4608209373098, "2": 229.65406169769847}