{"3": 456.5613667482703, "5": 214.24566503722497}