{"5": -323.6817069503503, "8": 272.69557977038335}