{"1": -178.59581959524877, "4": 177.6994550583492, "8": 185.51111578818882}