{"1": 250.72086160115055, "3": 174.1700153052784, "4": 192.13063819363356}