{"2": 317.94942358569995, "5": 198.45403736138746, "6": 281.99617619002004, "7": 234.73854960946062, "8": 310.861709097396, "9": 295.19279059971154, "10": 217.14330511631817}