{"1": 318.1132260824314, "5": 313.9402386274344, "8": 280.12027233069784, "9": -281.9064764709137, "10": 286.64151487798415}