{"13": -195.55283351028385, "16": 211.39152228223065, "20": 212.17342850221758}