{"2": -266.4975095805481, "4": 236.75853923163686}