{"1": 284.0206342496623, "2": 227.6772554882607}