{"1": 474.17597095042936, "3": 299.5789584903306, "4": -292.8684127295072}