{"1": 229.90730019658724, "2": 442.80530794532706, "3": 158.53519339655662, "4": 155.33050667277564, "6": 236.02737520668563}