{"2": 568.0886354718577, "5": -257.31909531910367, "6": 231.47116781394516}