{"3": 470.6839475219873, "4": -374.98792328567106, "8": 421.1703941058922}