{"2": 273.8222583246554, "3": 260.4571947098916}