{"10": 191.59350410893887, "12": 343.88066345902894, "13": 218.90468421748835, "15": 160.75817280952907}