{"1": 327.796372816274, "3": 266.63766102270563, "5": 334.8468437097125, "6": 322.8830546816953}