{"1": 279.0438818980484, "5": 343.7701079147678}