{"2": 173.9055773665774, "4": 368.5776899576749}