{"1": 491.6534429245494, "2": 269.47474852169455, "4": 191.25178752771376, "5": 233.39675085485112}