{"2": 253.39037935704062, "3": 230.18185043053904}