{"2": -176.115039955822, "3": 279.31734435291594}