{"1": 257.29667890568555, "6": 267.09381139128425}