{"3": 242.32694790706046, "4": 207.02577518047428}