{"1": -172.34930787010165, "4": 157.58377781586165, "7": 158.52281581663374}