{"1": 178.17943267150974, "2": 215.4013662263228}