{"1": 168.09508455311266, "4": 201.16381321622998}