{"4": 279.27573748514294, "5": 189.494401858296}