{"1": 178.46514870249098, "2": 173.9220997825471}