{"6": 184.76536619196793, "18": 266.3291691011757}