{"2": 175.1934322855475, "3": 254.05297818526026, "4": -283.6260122025728}