{"4": -578.6171661733459, "6": 344.365839932001, "7": 271.4726896035986}