{"2": -213.08968287716448, "3": 202.70470460967567, "5": 183.90829017988176}