{"3": 202.61412191333625, "6": 226.93927016474208}