{"1": 227.67741793617154, "2": 246.2315592845166}