{"1": 315.90013286312376, "2": 307.16556306304847}