{"3": 254.69841975602128, "7": 353.80029465226255}