{"1": 300.2026191510206, "2": 295.30171710084835}