{"3": 234.6438864300976, "4": 301.04718657401475}