{"1": -164.89710205643303, "2": 228.44874724599572}