{"1": 230.37083104705357, "2": 162.9750301540505}