{"1": -512.6316872625003, "2": 267.08620325555523, "3": 198.1970559114858, "4": 302.7662725965729, "5": 592.8445334988128, "7": 201.23726775117336}