{"4": 313.81953223851974, "9": 539.8000441960359}