{"1": 293.62269087672985, "3": 264.9667261518041}