{"2": 301.55571034195737, "4": 236.70000736978807}