{"1": 297.2600775935666, "2": 293.1078914967843}