{"2": 223.14605239112348, "7": 189.74430776953602}