{"1": 339.8077343476515, "2": 321.9169666233497, "3": 320.36786542501443, "5": 197.1704884239515}