{"1": 238.23973137468124, "2": 187.07500212383127, "4": 201.86460812435735}