{"2": 291.9476221853215, "6": 188.13092319593648, "8": 273.56581435735086, "9": 245.7236960980158}