{"2": 218.35880394108676, "4": 191.40137542523462, "5": 227.8028505313689}