{"1": 247.8700656849137, "4": 162.3058351299294}