{"1": 300.09720262661904, "3": 332.06337861900965}