{"2": 339.5593992872882, "6": 203.01173750838325}