{"1": 303.2858137042142, "5": 276.639881936571}