{"3": 249.01199070176597, "5": 202.1016268099345, "6": 189.9858659736725}