{"1": 316.53986020864227, "2": 364.26531907236324, "3": 332.3006223606585, "4": 327.5954206881919, "5": 320.9280312821247}