{"3": 230.50755868891724, "4": -238.4513352543006}