{"2": 219.711798792507, "3": 288.8469280574466}