{"2": 327.42694946400957, "5": 232.3917534906269, "7": 225.33068957879516, "10": 264.3215672252543, "13": 304.56765072666497}