{"2": 247.62624968576824, "3": -224.55394629904663, "4": 168.40406277361353}