{"1": 338.58077423109853, "2": 227.79617523484626}