{"1": 229.64540931492218, "7": -221.7945510589082}