{"2": 287.9505898078967, "3": 150.62730503375587, "4": 226.66122692632575}