{"3": 254.09176852184464, "10": 228.61125405611085}