{"2": 259.37570889123015, "5": 237.6022951541537}