{"2": 321.68452976803155, "3": -297.40027399034585, "6": 313.58752538437443}