{"5": 253.5310803350401, "6": 274.95539655595496}