{"1": 191.26682322085912, "3": 236.56581631277436, "5": 242.8486402266543, "6": 224.5223925562634, "7": 249.4479601740568, "10": 255.34436245479026}