{"2": 491.8278466896561, "8": -228.63705132324424, "9": -197.80899437240384, "11": 150.50894363616658, "12": 283.0815698540599}