{"2": 180.0929338978417, "4": 204.1570409608771, "6": -343.6163988067111, "7": 317.00732414655636, "8": 283.5369435994386}