{"2": 332.6193027431327, "4": 324.22942667419056}