{"1": 268.34843484126895, "3": 286.2085247700729}