{"1": 249.22398343019665, "4": -216.32355689659988, "5": 294.94394976182764}