{"1": 175.79499243898556, "4": 345.2945533318567}