{"1": 324.67694519814654, "3": 339.3489876734619}