{"2": -194.74002322056936, "5": -146.7966531039243, "9": 242.93919857758704, "18": 335.6844245480247}