{"2": 183.71326259153307, "5": 229.65989803781542}