{"1": 273.58493132242404, "3": 146.9330631269446}