{"2": 280.05852910095723, "5": 336.65765066215386}