{"3": 229.86340927816968, "4": -213.16977656339157}