{"1": 223.3897545113016, "3": 269.7796959241522}