{"1": 221.68318462227865, "2": 158.998168462183}