{"2": 198.3479501441459, "6": 206.20493110723157}