{"4": 264.5907747005614, "5": 271.41482481079856, "8": 282.41097520342043, "11": 265.9440105516362, "12": 284.310654386775}