{"3": 234.42696918335065, "4": 247.73542398826714}