{"1": 220.53164330817015, "4": 247.53135591236946, "6": 174.10772973735914, "8": 179.80923464752323}