{"3": 189.28960865356873, "5": 280.41371815630316}