{"1": 351.99802866328844, "2": 150.12502732809378}