{"1": 280.11767227855023, "3": -262.00270025714553, "4": 175.79280655446644, "5": -253.23695328318672, "6": 181.69700204337323, "10": 213.56942844344087}