{"3": 324.91681785243895, "4": 209.41833803890484}