{"1": 437.499371184919, "4": 238.20364678554245}