{"8": 293.0090972048787, "9": 307.188897476905, "10": 218.0293781832645}