{"2": -541.0162345516264, "3": -328.18282442295555, "5": 546.9709929138489, "7": 304.5299684786371, "11": 503.1421786332925}