{"2": 234.0282914676244, "4": 237.19232921477112}