{"1": 266.41396076703813, "2": 302.09948986693746, "3": 325.82109637138956}