{"1": 315.2223718493342, "2": -340.7886053486357, "4": 191.85328036548447, "11": 152.00162395425104, "12": -254.14942806434954, "14": 160.68509794366128, "15": 284.8284213548386}