{"1": 303.36567060761, "5": 294.170225567585, "8": 244.31312718182448}