{"1": 259.7376074316319, "2": 178.67907019039137, "3": -239.12413025901964}