{"1": 159.74363484158891, "2": 243.5652807581548, "4": 290.41569078103896}