{"1": 271.3750949294438, "2": 186.47722555322014}