{"2": 149.2217074997639, "5": -240.99308722544197, "6": 227.29534867683503, "7": 252.73715559984407, "9": 282.5516365731544, "11": 205.22253932774015}