{"3": -147.03169969323318, "5": -241.33134977443459}