{"2": 204.35397432893615, "4": 323.0567839308866}