{"1": 275.37497507717137, "2": 252.15397104940791}