{"2": 207.4107400980448, "3": 187.28100848974464, "8": 224.84965419344724}