{"2": 172.68912753339998, "3": 160.9963659371723}