{"2": 209.48892345957734, "3": 146.49015998483264}