{"1": 252.7198550128553, "2": 250.28696479601547}