{"2": 224.15828916785188, "3": 239.34928338344798}