{"4": 262.0388041619259, "6": 276.65348280603416, "7": 281.2500335934791}