{"1": 499.18646438758105, "2": 448.71256657119125}