{"1": 195.72551962726004, "3": 165.85536050794724}