{"2": 220.6025257411244, "10": -250.65518282712412, "12": 244.5736893320253, "13": 254.40717821118722}