{"1": 242.02325284099152, "2": 229.39547377061103}