{"1": 218.26472627279463, "6": 163.73458040216406}