{"3": 191.07905013839365, "5": 265.56777624449967}