{"4": 219.84245306265962, "5": 229.01299906100007}