{"2": 187.9656006142302, "4": 271.5702612908714, "5": 269.5361539217903, "6": 240.4996877620174, "7": 280.7142981454598, "8": 258.9061841132591}