{"2": -199.7078241362807, "3": 201.42133783406132, "7": 144.97116490572756, "10": 273.5866683869617}