{"2": 378.96830820009075, "3": -274.64307850610794, "5": 183.47942627879104}