{"2": 286.74987312550286, "4": 165.7818821342239, "6": 199.42813091404946}