{"5": 306.33845385213147, "7": 233.25191075244436}