{"3": 294.3544772836227, "4": 378.37968456834096}