{"1": 299.86677844106225, "2": 315.79756381341053}