{"3": -295.1256576531285, "5": 220.47917984790797}