{"4": 217.86093437284558, "7": 340.47178565779507}