{"2": -202.45319554532517, "7": 344.66088206266295, "11": 145.74449465353257, "12": 235.80686739262376, "13": -147.33584583971447}