{"4": 188.7100521948962, "6": 166.7143715340087, "9": 217.0909456594602}