{"4": 192.27295420601934, "6": 200.6958690780566, "9": 283.5172288524724}