{"1": 288.06666051037473, "2": -330.1413346316805, "3": 297.24005115362934}