{"1": -211.10651657878276, "3": 265.8129213659679}