{"2": 229.1394848788251, "6": 293.3072670026984}