{"1": 351.82078771717556, "2": -408.73546003366096, "3": 434.0755747276854, "6": 211.9462642880069}