{"1": 376.7153058395445, "2": 289.7593255557325}