{"1": 171.31248094464854, "3": 175.50040597754207}