{"1": 192.97946615302158, "3": 295.6650819426292}