{"2": 210.45268607095886, "3": 222.11430204373448, "5": 290.3028817875535, "7": 260.6029752089373, "9": 253.33864491210943}