{"2": -254.35427685715888, "5": 174.35262201456578, "6": -151.40257849238475, "7": 288.8291613744592, "8": -293.19894766043586, "9": 353.8107069539577, "11": 326.9274004424044, "16": 246.46542104544233, "20": 206.17347358082372}