{"2": 275.3999915972071, "4": 248.42128984162946}