{"2": 261.722592036911, "3": 229.37672357866677}