{"1": 345.8088200785513, "2": 235.29269642980967, "4": -347.5961560666996}