{"2": -144.53835334260327, "5": 177.04994020787694, "7": 194.91849183039199}