{"2": 310.8590813115442, "3": 200.00406455327345, "4": -204.9340668560577}