{"3": 231.39638701419267, "4": -230.400352674531, "5": 252.05636421663553, "6": -148.8862454063874, "7": 248.37425375499788, "8": -196.31920271747765, "9": 250.75328749362575, "11": -234.75959134457412}