{"1": 317.6211266164487, "2": 313.1852982119642}