{"2": 261.836938045093, "3": 183.19391380793274}