{"1": 204.97476855572302, "5": 174.94688464248725, "7": 250.7729139149908}