{"3": 336.18253651432474, "4": -304.38787330170146, "5": 222.4109761117994}