{"1": 243.40808702866354, "3": -299.54004744183106, "4": 233.77332907645166, "5": 252.172343327347, "6": 173.43964981059537, "8": 161.088598700626}