{"2": 233.6595387958056, "3": 338.83301436701686, "4": -287.1005776909047, "5": 310.6345312197126}