{"1": 265.97598734939913, "4": 212.04891536784135}