{"3": 329.86279021035875, "4": 157.77140990704402}