{"1": 162.7192213620841, "3": 216.82081592927523}