{"2": 265.47141102341334, "4": -279.0324762849467, "6": 180.76320404016485, "7": 233.836720568705}