{"2": 277.71712057466004, "3": 253.04027466605976}