{"8": 237.80024206932376, "11": 176.5184756620704, "12": -175.12269153924314, "13": 230.72834125653515, "14": 172.56028187710558, "18": 232.94128619103208, "22": 162.37263737793}