{"7": 173.5588463512995, "8": 180.2419200768827}