{"1": 214.83082756681517, "3": 297.0832712138222}