{"1": 234.60586838102722, "3": 202.78511528548006}