{"2": 293.90108550565833, "5": 225.94930119565663}