{"1": 166.688889863109, "2": 181.15039491104233}