{"1": 198.9526840122021, "3": 265.92828353650293}