{"5": 513.543885081522, "7": 378.71163829987745}