{"2": 297.45181447952245, "3": 249.56981120045373, "6": 276.8902485171303, "7": 335.2265087241375}