{"2": 163.06821831591208, "3": 238.4314271605458}