{"1": 233.24134635147573, "5": 274.60363279062653}