{"3": 256.34972568362036, "5": 144.57746113299288, "7": 283.54687938145366}