{"2": 239.67325767461375, "4": 174.45399125484505}