{"3": 214.37720864510845, "5": 172.5080254412194}