{"1": 245.14458805591948, "2": 265.65344243657455}