{"1": 322.30859430436044, "2": 395.40504185217696}