{"3": 230.50549844070486, "5": -215.8763860704605}