{"5": 283.04564331559664, "7": 333.3968635755034}