{"2": 296.7493721364366, "3": 324.6102755721445}