{"2": 232.0335136025236, "4": 293.60294270017084}