{"3": 232.8219101465462, "5": 299.2634659222681}