{"4": 322.33859465509033, "7": 241.5636965355501}