{"2": 260.46914354238527, "6": -212.3472954510686}