{"2": -149.67401130817512, "4": 261.1808254691613}