{"1": 348.2997521200216, "2": 185.34794192578818}