{"2": 168.9347347331675, "5": 222.40434243915627}