{"2": 290.5235412675984, "3": 190.84468090575376}