{"4": 230.2819245393307, "6": 250.81124478465017}