{"2": 288.75987272336965, "3": -220.52138599888417, "4": 276.5866252565196}