{"5": 220.47555899668203, "6": 294.39976283210603, "8": 159.1245840024252}