{"3": 191.48079542808716, "5": 194.98961525697746}