{"2": 332.72459413761476, "4": 172.86549773423076, "6": 211.07672018305334}