{"1": 157.24895557316495, "2": 194.18946796449552, "3": 255.67492285103458}