{"2": 222.28136831418863, "3": 560.3428032693795, "5": -297.4261063059664, "6": 296.30583179743337, "12": 193.44504132019688}