{"3": -210.37489503382258, "6": 234.97097626489233}