{"1": 269.340423562153, "2": 313.7423902650769}