{"2": 247.15220578125377, "3": 179.0494067089603}