{"1": 334.16611632243837, "2": 205.71456042675072}