{"2": 169.9002731558665, "17": 188.11635495980306, "18": 175.79862978215647, "21": 195.98897821404182}