{"1": 190.15459762711475, "2": 251.95594882804198}