{"2": 362.34883101830906, "3": 307.49223324618765}