{"6": 310.50147538516524, "7": 232.13341565503958, "11": 242.18507764819321}