{"2": -192.484029063503, "4": 177.3783803742416, "6": -327.33182457957525, "7": 181.48393104018976}