{"2": 256.85301402991354, "5": 149.54002783979195, "7": 208.35627083941995}