{"3": 303.43130617064367, "4": 275.4861889317905}