{"5": 219.30070708154608, "6": 211.6463613216655}