{"1": 209.49430927500453, "3": 307.58463044187954, "5": -207.83636342937018, "6": 224.12498824404815, "7": 254.30426412554652, "8": 156.15235147500266}