{"1": 266.7175281871025, "2": 280.9711655071586}