{"3": 174.28814765126265, "4": 166.95725325063597}