{"4": 485.56558458604695, "6": -265.74881189317296}