{"1": 278.44331434429466, "2": -248.90824105392414, "3": 308.6100709803899}