{"1": 296.78794228865615, "2": 197.77442874034523}