{"3": 245.918102610019, "9": 191.28680117277088, "12": 266.74122269818724, "14": 275.4122791887537}