{"3": 316.0474153801638, "4": 168.59543694742263, "6": 262.47429827806434, "10": 206.18588533660306, "11": 148.1014325608674, "12": 147.6664493912943, "15": 196.81070604317733, "21": 345.5960947117227}