{"1": 222.07583975375894, "2": 251.91894856412648}