{"1": 181.65665765130768, "2": -197.2261918762328}