{"1": 307.6991831747438, "4": 316.80630476422664, "6": -316.16645581458874, "7": 290.4896565495037}