{"1": 235.0588205412207, "4": 235.60075550598407}