{"4": 196.207137487438, "6": -472.9025908065432, "8": 244.37792649243818, "12": 217.57967987759315, "14": -412.0595469739661, "15": 475.8003982116238, "16": 155.0903931007606, "18": -415.32603587579325, "19": 432.06045647855854}