{"1": 296.03476367623887, "2": 350.6821700030025}