{"2": 239.82653242011918, "9": 159.27228459198295, "10": 247.59739404862842}