{"2": 252.33682693175922, "4": 237.96394015259682}