{"1": 238.61523676477987, "2": 291.5460061663547, "3": -213.41302296386266, "5": 281.33110485753514, "8": 145.92432011268227, "10": 277.0683007570866}