{"1": 205.15324352966786, "2": 276.87395059885534}