{"1": 247.55481472904523, "3": 148.954101661496}