{"2": 282.41168765297857, "3": 278.6733765566895, "4": 271.4057642419589}