{"1": 225.3911447037882, "2": 188.85905105259735}