{"1": 262.7712521206739, "4": 314.9704121401977}