{"2": 219.06805688007114, "5": 159.20215177012255}