{"1": 193.08891153737773, "7": -182.967730039917, "12": -166.76621426381394, "13": -271.6619953146442, "14": 200.05459245791144, "20": 256.36539117424627, "24": 211.69179373453335, "25": 308.00717759923964, "26": 247.84465600477176, "27": 245.34136364688425, "29": 293.17905101129475, "30": 253.2625188187335}