{"2": 379.1027051527783, "8": 229.35284415320575, "9": -286.32544468751183, "11": 294.806950665985}