{"2": 316.6098495933629, "3": -318.5537482385736, "5": 283.9463120369778, "6": 263.1005422230651}