{"3": 313.2996926784324, "8": 503.34563502800574}