{"1": 255.31194489579377, "3": 307.9812765746228}