{"4": 156.26517455935914, "8": 250.82045967410602}