{"13": 312.3121480995211, "14": -303.13656119565024, "23": 329.42863435747427}