{"3": 179.51037789446207, "8": 188.7140646352774, "9": 176.060625721733, "10": 183.5503277021512}