{"4": 227.4565568058814, "5": 144.9482383071869}