{"1": 279.38722108595834, "3": 197.6688579214358}