{"3": 324.4774770310207, "5": 222.37746101716004, "6": 240.01700438889134}