{"1": 338.7784521112742, "2": 321.553068576526, "3": 331.37252585483634, "4": 286.8419244758368}