{"1": 253.56123828059344, "2": 171.04942860894676}