{"1": 263.02516192170106, "2": -221.28951046305434, "3": 283.1341646732401}