{"1": 321.8912367491374, "2": 298.7005546006982}