{"1": 266.8460079694819, "2": 222.9639361265256, "4": 162.1517617846023}