{"4": 204.29631854251886, "5": 239.5385958838425}