{"3": 329.740637671263, "5": 304.698759434707}