{"1": 201.3374154246044, "3": 253.86865874777652}