{"5": -320.1816657015465, "7": 279.15444997609484, "10": 332.60761584709496, "11": 155.0325150207659}