{"1": 348.06161492646254, "3": 216.34032565081134, "4": -323.6440728749419, "5": 191.1094048496218}