{"1": 365.5994526413035, "3": 246.15348339219008, "4": 196.5716313134826, "6": 194.1228223072991, "7": 265.12151080677233, "8": 240.7973238140778}