{"1": 149.1757314929332, "2": 312.3781200102899}