{"1": 220.6695697135657, "7": 307.99130712771944}