{"1": 341.79802265387514, "2": 198.6460551781846, "5": 303.7964786112317}