{"5": 293.5315751193458, "6": -180.20343433968497, "7": 297.36781658472376}