{"1": 299.0100010252904, "3": 205.49800374425956}