{"1": 485.63307574474015, "2": -474.27765291904416, "5": 606.5957220010599, "6": -576.5932914183554, "9": 368.188282288388, "10": -448.0719558437652, "12": 555.2857765495694, "13": -445.9322212581832, "14": 490.2387704085197}