{"2": 313.664107794251, "4": 290.13956911959167}