{"5": 164.06155330724732, "7": 307.33664951701246}