{"1": 412.0528675953701, "2": 423.70574337455486}