{"2": 302.99866120520653, "5": 525.188337081202}