{"3": 157.50939094271246, "5": 219.23970529513372, "6": 177.70536170038292}