{"1": 152.65108259277076, "2": 212.22271137433665}