{"2": 267.9405219218381, "4": 245.14931253751854}