{"1": 209.84719593790646, "2": 159.83158601585194, "4": 256.3658197271161}