{"1": 246.8475711963889, "2": 354.28896765730195, "4": 220.0533633413064}