{"5": 247.967767880702, "6": 177.27631381804122, "9": 284.64553542550937, "10": 260.56090365246973}