{"2": 191.58384544842067, "4": 277.91628537543374, "5": 278.41756297281177, "7": 317.3460562806555}