{"2": 165.42960286518507, "3": 283.140781612462}