{"2": -146.9769295477849, "3": 144.1945175185382}