{"1": 214.83699416502657, "6": 231.66046676864278, "9": 176.73779943903492, "12": 255.80449012741747}