{"1": 280.0673117918226, "6": 262.88203930300665}