{"1": 294.3670174919904, "2": 611.6324781718431, "6": 298.37669453102}