{"1": 147.86871793968896, "2": 232.44156097218797, "3": 209.4207042733526}