{"2": -219.95524374287663, "4": -297.6729390866665}