{"1": 209.76930593546604, "3": -267.343555239064, "6": 275.8523055921662, "7": -175.56278881323692, "12": 265.2998499122217, "13": -354.8967796581972, "14": 177.39154518352086}