{"3": 176.4549806050146, "5": 198.6561403399354, "7": -177.50943235424415, "8": 293.6192928582334}