{"2": 322.7853271438763, "3": -345.97853404266624, "4": 388.2119065791276, "6": -382.6069272974634, "7": 239.9361053084408}