{"2": 183.12659377493583, "6": 146.36980895594417}