{"1": 279.016190333434, "4": 324.91076385937197}