{"2": 259.83502400169095, "4": 187.48675698556906}