{"2": 152.63206972181956, "6": 259.8352922514762}