{"2": 258.31061694075447, "3": 273.144807555435}