{"3": 161.23755472050084, "6": 282.5072618904684, "7": 201.72157290894313}