{"3": 213.80690271411243, "5": -156.08418702502627, "6": 216.41809226133978, "9": 300.61193841500744}