{"2": 221.80419077504337, "3": 193.48254096980304, "6": 290.1178138290279}