{"1": 146.62968798167458, "8": -276.1337683254597, "9": 225.30381791329728, "11": -233.38469181902667, "12": 209.53305355215844}