{"2": 203.40759348245933, "5": 218.43178069260568, "10": 280.8568584484335}