{"1": 464.2819417294179, "3": 150.83764436608215, "6": 178.01114366919637}