{"1": 302.7674921052818, "3": -251.0794976143403, "4": 158.2481217116249}