{"1": 185.05376046814183, "2": 166.8787755205134}