{"2": 269.2239309545655, "3": 304.50439157418657, "4": -258.1177639720896, "7": 145.19097540158623}