{"1": 311.4337785688598, "2": 274.42536213408107}