{"3": 148.85486965835264, "4": 310.9152731789926}