{"2": 231.3390948152587, "3": 237.40246884720568}