{"1": 460.90531322751644, "3": 333.8329073215574, "4": 312.51271916048245}