{"1": 619.9858732344949, "3": 285.2193354802181, "6": 276.1034574604737}