{"1": 183.7574832823542, "4": 144.62126382517943, "7": 164.75687380319312}