{"3": 245.03936148218327, "4": 533.8180249358287}