{"1": 246.6708744530008, "3": 251.5651264304703}