{"1": 257.43676991191967, "2": 297.6221008694024, "3": 257.18895316613975, "6": 178.95207423523703}