{"1": 200.97877502624397, "2": 262.73416050023}