{"1": 153.07255406879096, "2": 161.2068269106453}