{"2": 275.37669969418346, "3": 558.2223024978389}