{"2": 257.9021611758842, "5": 310.7354776411329, "9": 256.61785963083685}