{"1": 154.45184612355638, "4": 306.6337024583453}