{"3": 284.35619714420545, "4": 266.65082654033415, "9": 236.05985601141458, "11": 198.39075218417247, "13": 275.91148335616754, "16": 292.9932182853785}