{"1": 310.6132402470745, "3": 295.4110485952376}