{"3": 172.6588474667111, "8": 245.79059488714188}