{"1": 279.0508830725747, "3": 228.54560829821412, "4": 286.48042063400453}