{"2": -178.09500644724218, "9": -198.07504856545012, "10": 444.76843634264844}