{"5": 212.78298485415462, "7": 174.82054921565714, "8": 544.7011250470802}