{"1": 294.0281570763286, "2": -295.11866508847027, "4": 311.87157630832974}