{"1": 330.32474646615117, "2": 255.48478906433377}