{"7": 144.153717032175, "8": 240.73413064421254, "9": 258.9827824821665}