{"1": 279.6184244372155, "2": 274.4308676200001, "3": 315.16360515234123}