{"2": 167.22025102148922, "6": 309.5888953469653, "7": -352.1354535098652, "10": 249.6073733757837}