{"2": 375.4799781040366, "4": 149.26483178410945}