{"1": 151.83129486551002, "2": 154.33418103797305}