{"4": 177.63354946083382, "5": 213.66629353519818, "6": 312.3511975667244}