{"1": 287.11206828096374, "3": 245.66536546694635}