{"3": 261.4533050329019, "4": 169.07108696448267}