{"1": 309.89146407854844, "2": 285.81339112148294}