{"1": 281.4343157395731, "3": 197.17709954280645}