{"1": 206.28169479588848, "2": 215.5955608619339}