{"1": 301.30355427700067, "2": 235.14571789223714, "3": 278.63085696225073, "4": 297.9469901705139}