{"1": -231.25026108165912, "8": 296.29129899106715}