{"3": 294.7789363085726, "9": 265.6087174366545}