{"2": 415.8007643096122, "3": 163.3792230935311}