{"1": 193.7243300375253, "2": 488.38291642205184}