{"4": 182.57095402366235, "7": -202.36550850827416, "10": 173.95157587009317}