{"1": 169.50838131008948, "2": 186.03445289703666}