{"3": 185.47999675878975, "5": 162.22146046849969, "8": 289.5042197231178}