{"1": 279.01254915627794, "3": 191.47825878851984, "4": 360.01990947585057, "5": 246.49977861724403, "7": 261.79402139088984, "11": 161.5310592579392, "16": 237.77742532946093}