{"2": 152.60829416959837, "5": 245.66877440570943, "9": 309.02870797486366, "10": -264.30515736445085, "12": 332.94553579185686, "14": -210.93867640919166, "17": 285.8268909484116, "19": 278.38481669566147, "20": 288.2690183867917, "21": 341.69864781292245, "23": 270.0879366102954}