{"1": 308.578802111614, "2": -307.1552013880513}