{"1": 213.26678171301808, "2": 169.53710759001422, "4": 244.93924320935923, "5": 162.17299462289816, "6": -224.3484782004656, "9": -240.38731521598385, "10": 249.04721717213022, "11": 154.19169896508788}