{"1": 220.41875518574102, "2": 258.800145606426, "3": -271.7204760459085, "6": 198.36095892724893}