{"2": 170.3586952902856, "3": 294.73652343236586, "4": 281.5190412115355}