{"5": 311.324536417814, "7": 239.66977673926567}