{"1": 327.09991222053725, "2": 160.42608762703128}