{"5": 239.21284795925158, "6": 205.33736711447375}