{"1": 276.9027839810724, "2": 240.90315075240278, "4": 322.47570193272793, "5": 282.64556081885553}