{"1": 302.09733172301105, "2": 167.76691775935876}