{"2": 151.9118446357212, "3": -365.8191803442975, "4": 165.4134604862146, "5": 248.22782216370933}