{"1": 215.75167855838583, "2": 248.9375638522191}