{"1": 306.8270429824649, "2": -284.6866868300699, "5": 284.6031278676778, "16": 200.95227147499588}