{"1": 242.06912173148362, "2": 312.32664334450044}