{"3": 322.3015838879678, "4": 148.03013491645163, "5": 185.41596689082633}