{"1": 265.1608211596972, "4": 244.62671233658227, "5": 251.4021761323122, "9": 252.8306780700658, "12": 232.51600247631336, "17": 232.79700897254747, "19": 174.1885990899582}