{"1": 262.6634404965549, "3": 157.03506878012672}