{"1": 249.5365250223366, "2": 276.19287249313584, "6": -188.86738737548472, "7": 157.1813237753487}