{"1": 282.8414537078453, "5": 237.1142425678728}