{"1": 269.09173477092384, "2": 165.29726441491084}