{"1": 238.9469379247248, "3": -256.8447561958678, "6": 291.3787132992845, "8": 228.69257720221083}