{"3": 414.70125109981416, "4": 558.1663404556182}