{"1": 228.32498824749075, "3": 384.94836016438865}