{"1": 288.10904256488664, "2": 566.8809979321808, "6": 316.25969949488}