{"6": 181.99966146339057, "11": 164.38656245370657, "14": 201.62736008520938, "16": 229.48107329087247}