{"2": 195.5524187861099, "4": -174.48266388471046, "5": 276.68092405744096}