{"1": 164.19226478191536, "3": 508.2932145198838, "9": 227.28807273687823, "11": -183.47726480457555, "13": 158.84342374805874, "14": 226.99762251169489}