{"2": 153.07676937167173, "5": 257.78934725908186}