{"2": 376.5048144539604, "3": 367.0044946776429, "5": 324.34432261778875}