{"1": 180.70033279465542, "2": 170.60598598738716}