{"1": 268.1598364301501, "2": 163.99986159061257, "3": -325.29024356483137, "5": 319.5443294954372}