{"2": 257.95598543175925, "4": 304.0269236017532}