{"1": 192.83630329349273, "2": 368.34885921440025, "3": 298.142771079122}