{"3": 207.99228698492573, "4": 253.6809871545919}