{"1": 200.71110659674582, "2": 238.50471599635364}