{"1": 172.16839572417803, "2": 184.04894265505834, "3": 214.16844381988545, "4": 263.8380703843387}