{"2": -492.51435339464314, "3": 412.300527848933, "20": -364.509947252607, "21": 314.3035316147332, "22": -310.02087099211144, "23": 323.7694825855549}