{"1": 342.59765856075035, "2": 283.4561838457249}