{"1": 210.5617565683832, "2": 210.29673715965066}