{"2": 183.87337032342612, "4": 149.96859666056764}