{"2": 224.04534736268442, "3": 200.68375879834264, "7": 152.0180646891996}