{"1": 314.87550847780653, "2": 210.6902328289525}