{"1": 398.91133295417546, "7": 601.4816220992581}