{"1": 195.98548717950882, "2": 309.69711431170197}