{"3": 217.41519369595335, "4": -273.2331445774612, "7": -233.13694558551674, "9": 200.45158340436797, "10": -293.34004054506033, "11": 151.92807173145422}