{"4": 336.88573448741556, "6": -346.30689003608313, "7": 297.98870498995143}