{"1": 199.66219745945978, "2": 173.15870179649028, "3": 263.21479798599273}