{"1": 168.86926330389974, "3": 225.68222134714313}