{"1": 163.2485298842056, "3": 332.1754372456962, "5": 154.71365178671743, "6": 157.10666711492888}