{"2": 215.22031534747327, "4": 217.53089225623557, "6": 274.08158297594014}