{"7": 336.50047808226566, "10": 278.42449549829723, "15": 328.3318526024452}