{"5": 180.51441730774093, "7": 294.7479565383327, "9": -211.17586553356415, "10": 307.0211807029152, "11": 339.9716439504142}