{"1": 259.0193376168288, "3": 279.1301779364353, "4": 347.07229563157057, "5": -362.5214468233005, "6": 246.70244724348004}