{"1": 286.06607301340273, "2": 365.5540793202406}