{"2": 208.2002632943056, "3": -154.69481950064784, "6": 557.912936545617}