{"1": 317.7515222575586, "2": 257.693773647493}