{"1": 323.4507207312621, "2": 151.387662152494}