{"1": -148.59926557232006, "2": 161.83582537036807}