{"1": 329.98200165338994, "2": 183.1586768063113}