{"1": 270.8871256679654, "3": 152.36283222809107, "5": 255.47286771877316, "13": 254.44276651676228, "17": 216.87840709710952}