{"1": 294.5840553206332, "2": 245.66274664575883, "4": 245.97523317372656, "6": 292.4896110286644, "7": 161.28224977960656}