{"2": 196.07048159459828, "3": 183.26646896369425}