{"1": 234.09762919935133, "2": 292.3849120843752, "3": 195.41114651692078}