{"1": 275.2129232410441, "2": 253.06959235844488, "3": -328.617492831968, "4": 322.08425905276124}