{"3": 250.60623303899615, "4": 258.93318362911134, "5": 346.7845850723777}