{"2": 234.7763402890381, "5": 321.34807504239245}