{"4": 187.4782282622291, "7": 209.76036508152936}