{"2": 256.3313000758751, "3": 175.79914364682122}