{"1": 331.7293858001077, "5": 377.49095713074166}