{"1": 393.73915677154514, "3": 295.7732779901804}