{"2": 303.51074961628524, "3": 312.37040129984246}